{
    "apis": [
        {
            "name": "#get",
            "method": "GET",
            "return": "AdAccountActivity",
            "params": []
        }
    ],
    "fields": [
        {
            "name": "billing_address_new",
            "type": "string"
        },
        {
            "name": "billing_address_old",
            "type": "string"
        },
        {
            "name": "created_by",
            "type": "string"
        },
        {
            "name": "created_time",
            "type": "datetime"
        },
        {
            "name": "credit_new",
            "type": "Object"
        },
        {
            "name": "credit_old",
            "type": "Object"
        },
        {
            "name": "credit_status_new",
            "type": "string"
        },
        {
            "name": "credit_status_old",
            "type": "string"
        },
        {
            "name": "currency_new",
            "type": "string"
        },
        {
            "name": "currency_old",
            "type": "string"
        },
        {
            "name": "daily_spend_limit_new",
            "type": "Object"
        },
        {
            "name": "daily_spend_limit_old",
            "type": "Object"
        },
        {
            "name": "event_time",
            "type": "datetime"
        },
        {
            "name": "event_type",
            "type": "string"
        },
        {
            "name": "funding_id_new",
            "type": "string"
        },
        {
            "name": "funding_id_old",
            "type": "string"
        },
        {
            "name": "grace_period_time_new",
            "type": "int"
        },
        {
            "name": "grace_period_time_old",
            "type": "int"
        },
        {
            "name": "id",
            "type": "string"
        },
        {
            "name": "manager_id_new",
            "type": "string"
        },
        {
            "name": "manager_id_old",
            "type": "string"
        },
        {
            "name": "name_new",
            "type": "string"
        },
        {
            "name": "name_old",
            "type": "string"
        },
        {
            "name": "spend_cap_new",
            "type": "Object"
        },
        {
            "name": "spend_cap_old",
            "type": "Object"
        },
        {
            "name": "status_new",
            "type": "string"
        },
        {
            "name": "status_old",
            "type": "string"
        },
        {
            "name": "terms_new",
            "type": "int"
        },
        {
            "name": "terms_old",
            "type": "int"
        },
        {
            "name": "tier_new",
            "type": "string"
        },
        {
            "name": "tier_old",
            "type": "string"
        },
        {
            "name": "time_updated_new",
            "type": "datetime"
        },
        {
            "name": "time_updated_old",
            "type": "datetime"
        }
    ]
}
