{
    "apis": [
        {
            "method": "GET",
            "endpoint": "adaccounts",
            "return": "AdAccount",
            "params": []
        },
        {
            "name": "#get",
            "method": "GET",
            "return": "AdAccountCreationRequest",
            "params": []
        }
    ],
    "fields": [
        {
            "name": "ad_accounts_currency",
            "type": "string"
        },
        {
            "name": "ad_accounts_info",
            "type": "list<Object>"
        },
        {
            "name": "additional_comment",
            "type": "string"
        },
        {
            "name": "address_in_chinese",
            "type": "string"
        },
        {
            "name": "address_in_english",
            "type": "Object"
        },
        {
            "name": "address_in_local_language",
            "type": "string"
        },
        {
            "name": "advertiser_business",
            "type": "Business"
        },
        {
            "name": "appeal_reason",
            "type": "Object"
        },
        {
            "name": "business",
            "type": "Business"
        },
        {
            "name": "business_registration_id",
            "type": "string"
        },
        {
            "name": "chinese_legal_entity_name",
            "type": "string"
        },
        {
            "name": "contact",
            "type": "Object"
        },
        {
            "name": "creator",
            "type": "User"
        },
        {
            "name": "credit_card_id",
            "type": "string"
        },
        {
            "name": "disapproval_reasons",
            "type": "list<Object>"
        },
        {
            "name": "english_legal_entity_name",
            "type": "string"
        },
        {
            "name": "extended_credit_id",
            "type": "string"
        },
        {
            "name": "id",
            "type": "string"
        },
        {
            "name": "is_smb",
            "type": "bool"
        },
        {
            "name": "is_test",
            "type": "bool"
        },
        {
            "name": "is_under_authorization",
            "type": "bool"
        },
        {
            "name": "legal_entity_name_in_local_language",
            "type": "string"
        },
        {
            "name": "oe_request_id",
            "type": "string"
        },
        {
            "name": "official_website_url",
            "type": "string"
        },
        {
            "name": "planning_agency_business",
            "type": "Business"
        },
        {
            "name": "planning_agency_business_id",
            "type": "string"
        },
        {
            "name": "promotable_app_ids",
            "type": "list<string>"
        },
        {
            "name": "promotable_page_ids",
            "type": "list<string>"
        },
        {
            "name": "promotable_urls",
            "type": "list<string>"
        },
        {
            "name": "request_change_reasons",
            "type": "list<Object>"
        },
        {
            "name": "status",
            "type": "string"
        },
        {
            "name": "subvertical",
            "type": "string"
        },
        {
            "name": "time_created",
            "type": "datetime"
        },
        {
            "name": "vertical",
            "type": "string"
        }
    ]
}
