{
    "apis": [],
    "fields": [
        {
            "name": "actor_id",
            "type": "string"
        },
        {
            "name": "has_hit_total_live_ads_limit",
            "type": "bool"
        },
        {
            "name": "live_ads_quota_left",
            "type": "int"
        },
        {
            "name": "total_live_ads",
            "type": "unsigned int"
        },
        {
            "name": "total_live_ads_in_current_account",
            "type": "unsigned int"
        },
        {
            "name": "total_live_ads_limit",
            "type": "unsigned int"
        }
    ]
}
