{
    "apis": [
        {
            "name": "#get",
            "method": "GET",
            "return": "AdCampaignActivity",
            "params": []
        }
    ],
    "fields": [
        {
            "name": "auto_create_lookalike_new",
            "type": "bool"
        },
        {
            "name": "auto_create_lookalike_old",
            "type": "bool"
        },
        {
            "name": "bid_adjustments_spec_new",
            "type": "string"
        },
        {
            "name": "bid_adjustments_spec_old",
            "type": "string"
        },
        {
            "name": "bid_amount_new",
            "type": "int"
        },
        {
            "name": "bid_amount_old",
            "type": "int"
        },
        {
            "name": "bid_constraints_new",
            "type": "Object"
        },
        {
            "name": "bid_constraints_old",
            "type": "Object"
        },
        {
            "name": "bid_info_new",
            "type": "map<string, int>"
        },
        {
            "name": "bid_info_old",
            "type": "map<string, int>"
        },
        {
            "name": "bid_strategy_new",
            "type": "AdCampaignActivity_bid_strategy_new"
        },
        {
            "name": "bid_strategy_old",
            "type": "AdCampaignActivity_bid_strategy_old"
        },
        {
            "name": "bid_type_new",
            "type": "string"
        },
        {
            "name": "bid_type_old",
            "type": "string"
        },
        {
            "name": "billing_event_new",
            "type": "AdCampaignActivity_billing_event_new"
        },
        {
            "name": "billing_event_old",
            "type": "AdCampaignActivity_billing_event_old"
        },
        {
            "name": "brande_audience_id_new",
            "type": "string"
        },
        {
            "name": "brande_audience_id_old",
            "type": "string"
        },
        {
            "name": "budget_limit_new",
            "type": "Object"
        },
        {
            "name": "budget_limit_old",
            "type": "Object"
        },
        {
            "name": "created_time",
            "type": "datetime"
        },
        {
            "name": "daily_impressions_new",
            "type": "int"
        },
        {
            "name": "daily_impressions_old",
            "type": "int"
        },
        {
            "name": "dco_mode_new",
            "type": "string"
        },
        {
            "name": "dco_mode_old",
            "type": "string"
        },
        {
            "name": "delivery_behavior_new",
            "type": "string"
        },
        {
            "name": "delivery_behavior_old",
            "type": "string"
        },
        {
            "name": "destination_type_new",
            "type": "string"
        },
        {
            "name": "destination_type_old",
            "type": "string"
        },
        {
            "name": "event_time",
            "type": "datetime"
        },
        {
            "name": "event_type",
            "type": "string"
        },
        {
            "name": "id",
            "type": "string"
        },
        {
            "name": "invoicing_limit_new",
            "type": "int"
        },
        {
            "name": "invoicing_limit_old",
            "type": "int"
        },
        {
            "name": "min_spend_target_new",
            "type": "Object"
        },
        {
            "name": "min_spend_target_old",
            "type": "Object"
        },
        {
            "name": "name_new",
            "type": "string"
        },
        {
            "name": "name_old",
            "type": "string"
        },
        {
            "name": "optimization_goal_new",
            "type": "AdCampaignActivity_optimization_goal_new"
        },
        {
            "name": "optimization_goal_old",
            "type": "AdCampaignActivity_optimization_goal_old"
        },
        {
            "name": "pacing_type_new",
            "type": "int"
        },
        {
            "name": "pacing_type_old",
            "type": "int"
        },
        {
            "name": "run_status_new",
            "type": "string"
        },
        {
            "name": "run_status_old",
            "type": "string"
        },
        {
            "name": "schedule_new",
            "type": "list<Object>"
        },
        {
            "name": "schedule_old",
            "type": "list<Object>"
        },
        {
            "name": "spend_cap_new",
            "type": "Object"
        },
        {
            "name": "spend_cap_old",
            "type": "Object"
        },
        {
            "name": "start_time_new",
            "type": "datetime"
        },
        {
            "name": "start_time_old",
            "type": "datetime"
        },
        {
            "name": "stop_time_new",
            "type": "datetime"
        },
        {
            "name": "stop_time_old",
            "type": "datetime"
        },
        {
            "name": "targeting_expansion_new",
            "type": "Object"
        },
        {
            "name": "targeting_expansion_old",
            "type": "Object"
        },
        {
            "name": "updated_time_new",
            "type": "datetime"
        },
        {
            "name": "updated_time_old",
            "type": "datetime"
        }
    ]
}
