{
    "apis": [],
    "fields": [
        {
            "name": "additional_image_index",
            "type": "int"
        },
        {
            "name": "branded_content_shared_to_sponsor_status",
            "type": "string"
        },
        {
            "name": "branded_content_sponsor_page_id",
            "type": "string"
        },
        {
            "name": "call_to_action",
            "type": "AdCreativeLinkDataCallToAction"
        },
        {
            "name": "collection_thumbnails",
            "type": "list<AdCreativeCollectionThumbnailInfo>"
        },
        {
            "name": "image_hash",
            "type": "string"
        },
        {
            "name": "image_url",
            "type": "string"
        },
        {
            "name": "link_description",
            "type": "string"
        },
        {
            "name": "message",
            "type": "string"
        },
        {
            "name": "offer_id",
            "type": "string"
        },
        {
            "name": "page_welcome_message",
            "type": "string"
        },
        {
            "name": "post_click_configuration",
            "type": "AdCreativePostClickConfiguration"
        },
        {
            "name": "retailer_item_ids",
            "type": "list<string>"
        },
        {
            "name": "targeting",
            "type": "Targeting"
        },
        {
            "name": "title",
            "type": "string"
        },
        {
            "name": "video_id",
            "type": "string"
        }
    ]
}
