{
    "apis": [
        {
            "name": "#get",
            "method": "GET",
            "return": "AdgroupActivity",
            "params": []
        }
    ],
    "fields": [
        {
            "name": "ad_creative_id_new",
            "type": "string"
        },
        {
            "name": "ad_creative_id_old",
            "type": "string"
        },
        {
            "name": "asset_feed_id_new",
            "type": "string"
        },
        {
            "name": "asset_feed_id_old",
            "type": "string"
        },
        {
            "name": "bid_amount_new",
            "type": "int"
        },
        {
            "name": "bid_amount_old",
            "type": "int"
        },
        {
            "name": "bid_info_new",
            "type": "map<string, int>"
        },
        {
            "name": "bid_info_old",
            "type": "map<string, int>"
        },
        {
            "name": "bid_type_new",
            "type": "string"
        },
        {
            "name": "bid_type_old",
            "type": "string"
        },
        {
            "name": "conversion_specs_new",
            "type": "list<Object>"
        },
        {
            "name": "conversion_specs_old",
            "type": "list<Object>"
        },
        {
            "name": "created_time",
            "type": "datetime"
        },
        {
            "name": "display_sequence_new",
            "type": "int"
        },
        {
            "name": "display_sequence_old",
            "type": "int"
        },
        {
            "name": "engagement_audience_new",
            "type": "bool"
        },
        {
            "name": "engagement_audience_old",
            "type": "bool"
        },
        {
            "name": "event_time",
            "type": "datetime"
        },
        {
            "name": "event_type",
            "type": "string"
        },
        {
            "name": "force_run_status_new",
            "type": "bool"
        },
        {
            "name": "force_run_status_old",
            "type": "bool"
        },
        {
            "name": "friendly_name_new",
            "type": "string"
        },
        {
            "name": "friendly_name_old",
            "type": "string"
        },
        {
            "name": "id",
            "type": "string"
        },
        {
            "name": "is_reviewer_admin_new",
            "type": "bool"
        },
        {
            "name": "is_reviewer_admin_old",
            "type": "bool"
        },
        {
            "name": "objective_new",
            "type": "AdgroupActivity_objective_new"
        },
        {
            "name": "objective_old",
            "type": "AdgroupActivity_objective_old"
        },
        {
            "name": "objective_source_new",
            "type": "string"
        },
        {
            "name": "objective_source_old",
            "type": "string"
        },
        {
            "name": "priority_new",
            "type": "int"
        },
        {
            "name": "priority_old",
            "type": "int"
        },
        {
            "name": "reason_new",
            "type": "string"
        },
        {
            "name": "reason_old",
            "type": "string"
        },
        {
            "name": "run_status_new",
            "type": "string"
        },
        {
            "name": "run_status_old",
            "type": "string"
        },
        {
            "name": "source_adgroup_id_new",
            "type": "string"
        },
        {
            "name": "source_adgroup_id_old",
            "type": "string"
        },
        {
            "name": "start_time_new",
            "type": "datetime"
        },
        {
            "name": "start_time_old",
            "type": "datetime"
        },
        {
            "name": "stop_time_new",
            "type": "datetime"
        },
        {
            "name": "stop_time_old",
            "type": "datetime"
        },
        {
            "name": "target_spec_id_new",
            "type": "string"
        },
        {
            "name": "target_spec_id_old",
            "type": "string"
        },
        {
            "name": "tracking_pixel_ids_new",
            "type": "list<string>"
        },
        {
            "name": "tracking_pixel_ids_old",
            "type": "list<string>"
        },
        {
            "name": "tracking_specs_new",
            "type": "list<Object>"
        },
        {
            "name": "tracking_specs_old",
            "type": "list<Object>"
        },
        {
            "name": "update_time_new",
            "type": "datetime"
        },
        {
            "name": "update_time_old",
            "type": "datetime"
        },
        {
            "name": "view_tags_new",
            "type": "list<string>"
        },
        {
            "name": "view_tags_old",
            "type": "list<string>"
        }
    ]
}
