{
    "apis": [],
    "fields": [
        {
            "name": "account_currency",
            "type": "string"
        },
        {
            "name": "account_id",
            "type": "string"
        },
        {
            "name": "account_name",
            "type": "string"
        },
        {
            "name": "action_values",
            "type": "list<AdsActionStats>"
        },
        {
            "name": "actions",
            "type": "list<AdsActionStats>"
        },
        {
            "name": "actions_per_impression",
            "type": "string"
        },
        {
            "name": "actions_results",
            "type": "AdsActionStats"
        },
        {
            "name": "activity_recency",
            "type": "string"
        },
        {
            "name": "ad_bid_type",
            "type": "string"
        },
        {
            "name": "ad_bid_value",
            "type": "string"
        },
        {
            "name": "ad_click_actions",
            "type": "list<AdsActionStats>"
        },
        {
            "name": "ad_delivery",
            "type": "string"
        },
        {
            "name": "ad_format_asset",
            "type": "string"
        },
        {
            "name": "ad_id",
            "type": "string"
        },
        {
            "name": "ad_impression_actions",
            "type": "list<AdsActionStats>"
        },
        {
            "name": "ad_name",
            "type": "string"
        },
        {
            "name": "adset_bid_type",
            "type": "string"
        },
        {
            "name": "adset_bid_value",
            "type": "string"
        },
        {
            "name": "adset_budget_type",
            "type": "string"
        },
        {
            "name": "adset_budget_value",
            "type": "string"
        },
        {
            "name": "adset_delivery",
            "type": "string"
        },
        {
            "name": "adset_end",
            "type": "string"
        },
        {
            "name": "adset_id",
            "type": "string"
        },
        {
            "name": "adset_name",
            "type": "string"
        },
        {
            "name": "adset_start",
            "type": "string"
        },
        {
            "name": "age",
            "type": "string"
        },
        {
            "name": "age_targeting",
            "type": "string"
        },
        {
            "name": "amount_in_catalog_currency",
            "type": "list<AdsActionStats>"
        },
        {
            "name": "app_store_clicks",
            "type": "string"
        },
        {
            "name": "attention_events_per_impression",
            "type": "string"
        },
        {
            "name": "attention_events_unq_per_reach",
            "type": "string"
        },
        {
            "name": "auction_bid",
            "type": "string"
        },
        {
            "name": "auction_competitiveness",
            "type": "string"
        },
        {
            "name": "auction_max_competitor_bid",
            "type": "string"
        },
        {
            "name": "body_asset",
            "type": "Object"
        },
        {
            "name": "buying_type",
            "type": "string"
        },
        {
            "name": "call_to_action_asset",
            "type": "Object"
        },
        {
            "name": "call_to_action_clicks",
            "type": "string"
        },
        {
            "name": "campaign_delivery",
            "type": "string"
        },
        {
            "name": "campaign_end",
            "type": "string"
        },
        {
            "name": "campaign_id",
            "type": "string"
        },
        {
            "name": "campaign_name",
            "type": "string"
        },
        {
            "name": "campaign_start",
            "type": "string"
        },
        {
            "name": "cancel_subscription_actions",
            "type": "list<AdsActionStats>"
        },
        {
            "name": "canvas_avg_view_percent",
            "type": "string"
        },
        {
            "name": "canvas_avg_view_time",
            "type": "string"
        },
        {
            "name": "card_views",
            "type": "string"
        },
        {
            "name": "catalog_segment_actions",
            "type": "list<AdsActionStats>"
        },
        {
            "name": "catalog_segment_value_in_catalog_currency",
            "type": "list<AdsActionStats>"
        },
        {
            "name": "catalog_segment_value_mobile_purchase_roas",
            "type": "list<AdsActionStats>"
        },
        {
            "name": "catalog_segment_value_website_purchase_roas",
            "type": "list<AdsActionStats>"
        },
        {
            "name": "clicks",
            "type": "string"
        },
        {
            "name": "conditional_time_spent_ms_over_10s_actions",
            "type": "list<AdsActionStats>"
        },
        {
            "name": "conditional_time_spent_ms_over_15s_actions",
            "type": "list<AdsActionStats>"
        },
        {
            "name": "conditional_time_spent_ms_over_2s_actions",
            "type": "list<AdsActionStats>"
        },
        {
            "name": "conditional_time_spent_ms_over_3s_actions",
            "type": "list<AdsActionStats>"
        },
        {
            "name": "conditional_time_spent_ms_over_6s_actions",
            "type": "list<AdsActionStats>"
        },
        {
            "name": "contact_actions",
            "type": "list<AdsActionStats>"
        },
        {
            "name": "contact_value",
            "type": "list<AdsActionStats>"
        },
        {
            "name": "conversion_rate_ranking",
            "type": "string"
        },
        {
            "name": "conversion_values",
            "type": "list<AdsActionStats>"
        },
        {
            "name": "conversions",
            "type": "list<AdsActionStats>"
        },
        {
            "name": "cost_per_10_sec_video_view",
            "type": "list<AdsActionStats>"
        },
        {
            "name": "cost_per_15_sec_video_view",
            "type": "list<AdsActionStats>"
        },
        {
            "name": "cost_per_2_sec_continuous_video_view",
            "type": "list<AdsActionStats>"
        },
        {
            "name": "cost_per_action_result",
            "type": "AdsActionStats"
        },
        {
            "name": "cost_per_action_type",
            "type": "list<AdsActionStats>"
        },
        {
            "name": "cost_per_ad_click",
            "type": "list<AdsActionStats>"
        },
        {
            "name": "cost_per_completed_video_view",
            "type": "list<AdsActionStats>"
        },
        {
            "name": "cost_per_contact",
            "type": "list<AdsActionStats>"
        },
        {
            "name": "cost_per_conversion",
            "type": "list<AdsActionStats>"
        },
        {
            "name": "cost_per_customize_product",
            "type": "list<AdsActionStats>"
        },
        {
            "name": "cost_per_dda_countby_convs",
            "type": "string"
        },
        {
            "name": "cost_per_donate",
            "type": "list<AdsActionStats>"
        },
        {
            "name": "cost_per_dwell",
            "type": "string"
        },
        {
            "name": "cost_per_dwell_3_sec",
            "type": "string"
        },
        {
            "name": "cost_per_dwell_5_sec",
            "type": "string"
        },
        {
            "name": "cost_per_dwell_7_sec",
            "type": "string"
        },
        {
            "name": "cost_per_estimated_ad_recallers",
            "type": "string"
        },
        {
            "name": "cost_per_find_location",
            "type": "list<AdsActionStats>"
        },
        {
            "name": "cost_per_inline_link_click",
            "type": "string"
        },
        {
            "name": "cost_per_inline_post_engagement",
            "type": "string"
        },
        {
            "name": "cost_per_one_thousand_ad_impression",
            "type": "list<AdsActionStats>"
        },
        {
            "name": "cost_per_outbound_click",
            "type": "list<AdsActionStats>"
        },
        {
            "name": "cost_per_schedule",
            "type": "list<AdsActionStats>"
        },
        {
            "name": "cost_per_start_trial",
            "type": "list<AdsActionStats>"
        },
        {
            "name": "cost_per_submit_application",
            "type": "list<AdsActionStats>"
        },
        {
            "name": "cost_per_subscribe",
            "type": "list<AdsActionStats>"
        },
        {
            "name": "cost_per_thruplay",
            "type": "list<AdsActionStats>"
        },
        {
            "name": "cost_per_total_action",
            "type": "string"
        },
        {
            "name": "cost_per_unique_action_type",
            "type": "list<AdsActionStats>"
        },
        {
            "name": "cost_per_unique_click",
            "type": "string"
        },
        {
            "name": "cost_per_unique_conversion",
            "type": "list<AdsActionStats>"
        },
        {
            "name": "cost_per_unique_inline_link_click",
            "type": "string"
        },
        {
            "name": "cost_per_unique_outbound_click",
            "type": "list<AdsActionStats>"
        },
        {
            "name": "country",
            "type": "string"
        },
        {
            "name": "cpc",
            "type": "string"
        },
        {
            "name": "cpm",
            "type": "string"
        },
        {
            "name": "cpp",
            "type": "string"
        },
        {
            "name": "created_time",
            "type": "string"
        },
        {
            "name": "creative_fingerprint",
            "type": "string"
        },
        {
            "name": "ctr",
            "type": "string"
        },
        {
            "name": "customize_product_actions",
            "type": "list<AdsActionStats>"
        },
        {
            "name": "customize_product_value",
            "type": "list<AdsActionStats>"
        },
        {
            "name": "date_start",
            "type": "string"
        },
        {
            "name": "date_stop",
            "type": "string"
        },
        {
            "name": "dda_countby_convs",
            "type": "string"
        },
        {
            "name": "deduping_1st_source_ratio",
            "type": "string"
        },
        {
            "name": "deduping_2nd_source_ratio",
            "type": "string"
        },
        {
            "name": "deduping_3rd_source_ratio",
            "type": "string"
        },
        {
            "name": "deduping_ratio",
            "type": "string"
        },
        {
            "name": "deeplink_clicks",
            "type": "string"
        },
        {
            "name": "description_asset",
            "type": "Object"
        },
        {
            "name": "device_platform",
            "type": "string"
        },
        {
            "name": "dma",
            "type": "string"
        },
        {
            "name": "donate_actions",
            "type": "list<AdsActionStats>"
        },
        {
            "name": "donate_value",
            "type": "list<AdsActionStats>"
        },
        {
            "name": "dwell_3_sec",
            "type": "string"
        },
        {
            "name": "dwell_5_sec",
            "type": "string"
        },
        {
            "name": "dwell_7_sec",
            "type": "string"
        },
        {
            "name": "dwell_rate",
            "type": "string"
        },
        {
            "name": "earned_impression",
            "type": "string"
        },
        {
            "name": "engagement_rate_ranking",
            "type": "string"
        },
        {
            "name": "estimated_ad_recall_rate",
            "type": "string"
        },
        {
            "name": "estimated_ad_recall_rate_lower_bound",
            "type": "string"
        },
        {
            "name": "estimated_ad_recall_rate_upper_bound",
            "type": "string"
        },
        {
            "name": "estimated_ad_recallers",
            "type": "string"
        },
        {
            "name": "estimated_ad_recallers_lower_bound",
            "type": "string"
        },
        {
            "name": "estimated_ad_recallers_upper_bound",
            "type": "string"
        },
        {
            "name": "find_location_actions",
            "type": "list<AdsActionStats>"
        },
        {
            "name": "find_location_value",
            "type": "list<AdsActionStats>"
        },
        {
            "name": "frequency",
            "type": "string"
        },
        {
            "name": "frequency_value",
            "type": "string"
        },
        {
            "name": "full_view_impressions",
            "type": "string"
        },
        {
            "name": "full_view_reach",
            "type": "string"
        },
        {
            "name": "gender",
            "type": "string"
        },
        {
            "name": "gender_targeting",
            "type": "string"
        },
        {
            "name": "hourly_stats_aggregated_by_advertiser_time_zone",
            "type": "string"
        },
        {
            "name": "hourly_stats_aggregated_by_audience_time_zone",
            "type": "string"
        },
        {
            "name": "image_asset",
            "type": "Object"
        },
        {
            "name": "impression_device",
            "type": "string"
        },
        {
            "name": "impressions",
            "type": "string"
        },
        {
            "name": "impressions_auto_refresh",
            "type": "string"
        },
        {
            "name": "impressions_gross",
            "type": "string"
        },
        {
            "name": "inline_link_click_ctr",
            "type": "string"
        },
        {
            "name": "inline_link_clicks",
            "type": "string"
        },
        {
            "name": "inline_post_engagement",
            "type": "string"
        },
        {
            "name": "instant_experience_clicks_to_open",
            "type": "string"
        },
        {
            "name": "instant_experience_clicks_to_start",
            "type": "string"
        },
        {
            "name": "instant_experience_outbound_clicks",
            "type": "string"
        },
        {
            "name": "interactive_component_tap",
            "type": "list<AdsActionStats>"
        },
        {
            "name": "labels",
            "type": "string"
        },
        {
            "name": "link_url_asset",
            "type": "Object"
        },
        {
            "name": "location",
            "type": "string"
        },
        {
            "name": "media_asset",
            "type": "Object"
        },
        {
            "name": "mobile_app_purchase_roas",
            "type": "list<AdsActionStats>"
        },
        {
            "name": "newsfeed_avg_position",
            "type": "string"
        },
        {
            "name": "newsfeed_clicks",
            "type": "string"
        },
        {
            "name": "newsfeed_impressions",
            "type": "string"
        },
        {
            "name": "objective",
            "type": "string"
        },
        {
            "name": "optimization_goal",
            "type": "string"
        },
        {
            "name": "outbound_clicks",
            "type": "list<AdsActionStats>"
        },
        {
            "name": "outbound_clicks_ctr",
            "type": "list<AdsActionStats>"
        },
        {
            "name": "performance_indicator",
            "type": "string"
        },
        {
            "name": "place_page_id",
            "type": "string"
        },
        {
            "name": "place_page_name",
            "type": "string"
        },
        {
            "name": "placement",
            "type": "string"
        },
        {
            "name": "platform_position",
            "type": "string"
        },
        {
            "name": "product_id",
            "type": "string"
        },
        {
            "name": "publisher_platform",
            "type": "string"
        },
        {
            "name": "purchase_roas",
            "type": "list<AdsActionStats>"
        },
        {
            "name": "quality_ranking",
            "type": "string"
        },
        {
            "name": "quality_score_ectr",
            "type": "string"
        },
        {
            "name": "quality_score_ecvr",
            "type": "string"
        },
        {
            "name": "quality_score_enfbr",
            "type": "string"
        },
        {
            "name": "quality_score_organic",
            "type": "string"
        },
        {
            "name": "reach",
            "type": "string"
        },
        {
            "name": "recurring_subscription_payment_actions",
            "type": "list<AdsActionStats>"
        },
        {
            "name": "region",
            "type": "string"
        },
        {
            "name": "relevance_score",
            "type": "AdgroupRelevanceScore"
        },
        {
            "name": "rule_asset",
            "type": "Object"
        },
        {
            "name": "schedule_actions",
            "type": "list<AdsActionStats>"
        },
        {
            "name": "schedule_value",
            "type": "list<AdsActionStats>"
        },
        {
            "name": "social_spend",
            "type": "string"
        },
        {
            "name": "spend",
            "type": "string"
        },
        {
            "name": "start_trial_actions",
            "type": "list<AdsActionStats>"
        },
        {
            "name": "start_trial_value",
            "type": "list<AdsActionStats>"
        },
        {
            "name": "submit_application_actions",
            "type": "list<AdsActionStats>"
        },
        {
            "name": "submit_application_value",
            "type": "list<AdsActionStats>"
        },
        {
            "name": "subscribe_actions",
            "type": "list<AdsActionStats>"
        },
        {
            "name": "subscribe_value",
            "type": "list<AdsActionStats>"
        },
        {
            "name": "thumb_stops",
            "type": "string"
        },
        {
            "name": "title_asset",
            "type": "Object"
        },
        {
            "name": "today_spend",
            "type": "string"
        },
        {
            "name": "total_action_value",
            "type": "string"
        },
        {
            "name": "total_actions",
            "type": "string"
        },
        {
            "name": "total_unique_actions",
            "type": "string"
        },
        {
            "name": "unique_actions",
            "type": "list<AdsActionStats>"
        },
        {
            "name": "unique_clicks",
            "type": "string"
        },
        {
            "name": "unique_conversions",
            "type": "list<AdsActionStats>"
        },
        {
            "name": "unique_ctr",
            "type": "string"
        },
        {
            "name": "unique_impressions",
            "type": "string"
        },
        {
            "name": "unique_inline_link_click_ctr",
            "type": "string"
        },
        {
            "name": "unique_inline_link_clicks",
            "type": "string"
        },
        {
            "name": "unique_link_clicks_ctr",
            "type": "string"
        },
        {
            "name": "unique_outbound_clicks",
            "type": "list<AdsActionStats>"
        },
        {
            "name": "unique_outbound_clicks_ctr",
            "type": "list<AdsActionStats>"
        },
        {
            "name": "unique_video_continuous_2_sec_watched_actions",
            "type": "list<AdsActionStats>"
        },
        {
            "name": "unique_video_view_10_sec",
            "type": "list<AdsActionStats>"
        },
        {
            "name": "unique_video_view_15_sec",
            "type": "list<AdsActionStats>"
        },
        {
            "name": "updated_time",
            "type": "string"
        },
        {
            "name": "video_10_sec_watched_actions",
            "type": "list<AdsActionStats>"
        },
        {
            "name": "video_15_sec_watched_actions",
            "type": "list<AdsActionStats>"
        },
        {
            "name": "video_30_sec_watched_actions",
            "type": "list<AdsActionStats>"
        },
        {
            "name": "video_asset",
            "type": "Object"
        },
        {
            "name": "video_avg_time_watched_actions",
            "type": "list<AdsActionStats>"
        },
        {
            "name": "video_complete_watched_actions",
            "type": "list<AdsActionStats>"
        },
        {
            "name": "video_completed_view_or_15s_passed_actions",
            "type": "list<AdsActionStats>"
        },
        {
            "name": "video_continuous_2_sec_watched_actions",
            "type": "list<AdsActionStats>"
        },
        {
            "name": "video_p100_watched_actions",
            "type": "list<AdsActionStats>"
        },
        {
            "name": "video_p25_watched_actions",
            "type": "list<AdsActionStats>"
        },
        {
            "name": "video_p50_watched_actions",
            "type": "list<AdsActionStats>"
        },
        {
            "name": "video_p75_watched_actions",
            "type": "list<AdsActionStats>"
        },
        {
            "name": "video_p95_watched_actions",
            "type": "list<AdsActionStats>"
        },
        {
            "name": "video_play_actions",
            "type": "list<AdsActionStats>"
        },
        {
            "name": "video_play_curve_actions",
            "type": "list<Object>"
        },
        {
            "name": "video_play_retention_0_to_15s_actions",
            "type": "list<Object>"
        },
        {
            "name": "video_play_retention_20_to_60s_actions",
            "type": "list<Object>"
        },
        {
            "name": "video_play_retention_graph_actions",
            "type": "list<Object>"
        },
        {
            "name": "video_thruplay_watched_actions",
            "type": "list<AdsActionStats>"
        },
        {
            "name": "video_time_watched_actions",
            "type": "list<AdsActionStats>"
        },
        {
            "name": "website_clicks",
            "type": "string"
        },
        {
            "name": "website_ctr",
            "type": "list<AdsActionStats>"
        },
        {
            "name": "website_purchase_roas",
            "type": "list<AdsActionStats>"
        },
        {
            "name": "wish_bid",
            "type": "string"
        }
    ]
}
