{
    "apis": [
        {
            "name": "#get",
            "method": "GET",
            "return": "AppLinks",
            "params": []
        }
    ],
    "fields": [
        {
            "name": "android",
            "type": "list<AndroidAppLink>"
        },
        {
            "name": "id",
            "type": "string"
        },
        {
            "name": "ios",
            "type": "list<IosAppLink>"
        },
        {
            "name": "ipad",
            "type": "list<IosAppLink>"
        },
        {
            "name": "iphone",
            "type": "list<IosAppLink>"
        },
        {
            "name": "web",
            "type": "WebAppLink"
        },
        {
            "name": "windows",
            "type": "list<WindowsAppLink>"
        },
        {
            "name": "windows_phone",
            "type": "list<WindowsPhoneAppLink>"
        },
        {
            "name": "windows_universal",
            "type": "list<WindowsAppLink>"
        }
    ]
}
