{
    "apis": [],
    "fields": [
        {
            "name": "audience_definition",
            "type": "Object"
        },
        {
            "name": "author_info",
            "type": "Object"
        },
        {
            "name": "creation_time",
            "type": "int"
        },
        {
            "name": "end_time",
            "type": "int"
        },
        {
            "name": "excluded_rules",
            "type": "list<Object>"
        },
        {
            "name": "included_rules",
            "type": "list<Object>"
        },
        {
            "name": "start_time",
            "type": "int"
        },
        {
            "name": "status",
            "type": "string"
        }
    ]
}
