{
    "apis": [
        {
            "name": "#get",
            "method": "GET",
            "return": "BrandAudience",
            "params": []
        }
    ],
    "fields": [
        {
            "name": "account",
            "type": "AdAccount"
        },
        {
            "name": "delivery_targeting",
            "type": "Targeting"
        },
        {
            "name": "description",
            "type": "string"
        },
        {
            "name": "id",
            "type": "string"
        },
        {
            "name": "name",
            "type": "string"
        },
        {
            "name": "sentence_lines",
            "type": "list"
        },
        {
            "name": "status",
            "type": "string"
        },
        {
            "name": "targeting",
            "type": "Targeting"
        },
        {
            "name": "time_created",
            "type": "datetime"
        },
        {
            "name": "time_updated",
            "type": "datetime"
        }
    ]
}
