{
    "apis": [
        {
            "method": "GET",
            "endpoint": "ad_placement_validation_results",
            "return": "BusinessMediaAdPlacementValidationResult",
            "params": []
        },
        {
            "method": "GET",
            "endpoint": "insights",
            "return": "BusinessCreativeInsights",
            "params": [
                {
                    "name": "breakdowns",
                    "required": false,
                    "type": "list<businessimageinsights_breakdowns_enum_param>"
                },
                {
                    "name": "time_range",
                    "required": false,
                    "type": "Object"
                }
            ]
        },
        {
            "name": "#delete",
            "method": "DELETE",
            "return": "Object",
            "params": []
        },
        {
            "name": "#get",
            "method": "GET",
            "return": "BusinessImage",
            "params": []
        }
    ],
    "fields": [
        {
            "name": "business",
            "type": "Business"
        },
        {
            "name": "creation_time",
            "type": "datetime"
        },
        {
            "name": "hash",
            "type": "string"
        },
        {
            "name": "height",
            "type": "int"
        },
        {
            "name": "id",
            "type": "string"
        },
        {
            "name": "name",
            "type": "string"
        },
        {
            "name": "url",
            "type": "string"
        },
        {
            "name": "url_128",
            "type": "string"
        },
        {
            "name": "width",
            "type": "int"
        }
    ]
}
