{
    "apis": [
        {
            "name": "#get",
            "method": "GET",
            "return": "BusinessAgreement",
            "params": []
        },
        {
            "name": "#update",
            "method": "POST",
            "return": "BusinessAgreement",
            "params": [
                {
                    "name": "asset_id",
                    "required": false,
                    "type": "unsigned int"
                },
                {
                    "name": "request_status",
                    "required": false,
                    "type": "businessagreement_request_status"
                }
            ]
        }
    ],
    "fields": [
        {
            "name": "id",
            "type": "string"
        },
        {
            "name": "request_status",
            "type": "string"
        }
    ]
}
