{
    "apis": [
        {
            "method": "DELETE",
            "endpoint": "adaccounts",
            "return": "Object",
            "params": [
                {
                    "name": "adaccount_id",
                    "required": true,
                    "type": "string"
                }
            ]
        },
        {
            "method": "GET",
            "endpoint": "adaccounts",
            "return": "AdAccount",
            "params": []
        },
        {
            "method": "POST",
            "endpoint": "adaccounts",
            "return": "BusinessProject",
            "params": [
                {
                    "name": "adaccount_id",
                    "required": true,
                    "type": "string"
                }
            ]
        },
        {
            "method": "DELETE",
            "endpoint": "apps",
            "return": "Object",
            "params": [
                {
                    "name": "app_id",
                    "required": true,
                    "type": "string"
                }
            ]
        },
        {
            "method": "GET",
            "endpoint": "apps",
            "return": "Application",
            "params": []
        },
        {
            "method": "POST",
            "endpoint": "apps",
            "return": "BusinessProject",
            "params": [
                {
                    "name": "app_id",
                    "required": true,
                    "type": "string"
                }
            ]
        },
        {
            "method": "DELETE",
            "endpoint": "assets",
            "return": "Object",
            "params": [
                {
                    "name": "asset_id",
                    "required": false,
                    "type": "string"
                }
            ]
        },
        {
            "method": "POST",
            "endpoint": "assets",
            "return": "BusinessProject",
            "params": [
                {
                    "name": "asset_id",
                    "required": true,
                    "type": "string"
                }
            ]
        },
        {
            "method": "DELETE",
            "endpoint": "pages",
            "return": "Object",
            "params": [
                {
                    "name": "page_id",
                    "required": true,
                    "type": "int"
                }
            ]
        },
        {
            "method": "GET",
            "endpoint": "pages",
            "return": "Page",
            "params": []
        },
        {
            "method": "POST",
            "endpoint": "pages",
            "return": "BusinessProject",
            "params": [
                {
                    "name": "page_id",
                    "required": true,
                    "type": "int"
                }
            ]
        },
        {
            "method": "DELETE",
            "endpoint": "product_catalogs",
            "return": "Object",
            "params": [
                {
                    "name": "product_catalog_id",
                    "required": true,
                    "type": "string"
                }
            ]
        },
        {
            "method": "GET",
            "endpoint": "product_catalogs",
            "return": "ProductCatalog",
            "params": []
        },
        {
            "method": "POST",
            "endpoint": "product_catalogs",
            "return": "BusinessProject",
            "params": [
                {
                    "name": "product_catalog_id",
                    "required": true,
                    "type": "string"
                }
            ]
        },
        {
            "name": "#delete",
            "method": "DELETE",
            "return": "Object",
            "params": []
        },
        {
            "name": "#get",
            "method": "GET",
            "return": "BusinessProject",
            "params": []
        },
        {
            "name": "#update",
            "method": "POST",
            "return": "BusinessProject",
            "params": [
                {
                    "name": "name",
                    "required": true,
                    "type": "string"
                }
            ]
        }
    ],
    "fields": [
        {
            "name": "business",
            "type": "Business"
        },
        {
            "name": "created_time",
            "type": "datetime"
        },
        {
            "name": "creator",
            "type": "Object"
        },
        {
            "name": "id",
            "type": "string"
        },
        {
            "name": "name",
            "type": "string"
        }
    ]
}
