{
    "apis": [
        {
            "method": "POST",
            "endpoint": "access_token",
            "return": "Business",
            "params": [
                {
                    "name": "app_id",
                    "required": true,
                    "type": "string"
                },
                {
                    "name": "scope",
                    "required": true,
                    "type": "list<Permission>"
                }
            ]
        },
        {
            "method": "DELETE",
            "endpoint": "ad_accounts",
            "return": "Object",
            "params": [
                {
                    "name": "adaccount_id",
                    "required": true,
                    "type": "string"
                }
            ]
        },
        {
            "method": "GET",
            "endpoint": "ad_studies",
            "return": "AdStudy",
            "params": []
        },
        {
            "method": "POST",
            "endpoint": "ad_studies",
            "return": "AdStudy",
            "params": [
                {
                    "name": "cells",
                    "required": true,
                    "type": "list<Object>"
                },
                {
                    "name": "client_business",
                    "required": false,
                    "type": "string"
                },
                {
                    "name": "confidence_level",
                    "required": false,
                    "type": "float"
                },
                {
                    "name": "cooldown_start_time",
                    "required": false,
                    "type": "int"
                },
                {
                    "name": "description",
                    "required": false,
                    "type": "string"
                },
                {
                    "name": "end_time",
                    "required": true,
                    "type": "int"
                },
                {
                    "name": "name",
                    "required": true,
                    "type": "string"
                },
                {
                    "name": "objectives",
                    "required": false,
                    "type": "list<Object>"
                },
                {
                    "name": "observation_end_time",
                    "required": false,
                    "type": "int"
                },
                {
                    "name": "start_time",
                    "required": true,
                    "type": "int"
                },
                {
                    "name": "type",
                    "required": false,
                    "type": "businessad_studies_type_enum_param"
                },
                {
                    "name": "viewers",
                    "required": false,
                    "type": "list<int>"
                }
            ]
        },
        {
            "method": "POST",
            "endpoint": "adaccount",
            "return": "AdAccount",
            "params": [
                {
                    "name": "currency",
                    "required": true,
                    "type": "string"
                },
                {
                    "name": "end_advertiser",
                    "required": true,
                    "type": "Object"
                },
                {
                    "name": "funding_id",
                    "required": false,
                    "type": "string"
                },
                {
                    "name": "invoice",
                    "required": false,
                    "type": "bool"
                },
                {
                    "name": "invoice_group_id",
                    "required": false,
                    "type": "string"
                },
                {
                    "name": "invoicing_emails",
                    "required": false,
                    "type": "list<string>"
                },
                {
                    "name": "io",
                    "required": false,
                    "type": "bool"
                },
                {
                    "name": "media_agency",
                    "required": true,
                    "type": "string"
                },
                {
                    "name": "name",
                    "required": true,
                    "type": "string"
                },
                {
                    "name": "partner",
                    "required": true,
                    "type": "string"
                },
                {
                    "name": "po_number",
                    "required": false,
                    "type": "string"
                },
                {
                    "name": "timezone_id",
                    "required": true,
                    "type": "unsigned int"
                }
            ]
        },
        {
            "method": "GET",
            "endpoint": "adnetworkanalytics",
            "return": "AdNetworkAnalyticsSyncQueryResult",
            "params": [
                {
                    "name": "aggregation_period",
                    "required": false,
                    "type": "businessadnetworkanalytics_aggregation_period_enum_param"
                },
                {
                    "name": "breakdowns",
                    "required": false,
                    "type": "list<businessadnetworkanalytics_breakdowns_enum_param>"
                },
                {
                    "name": "filters",
                    "required": false,
                    "type": "list<map>"
                },
                {
                    "name": "limit",
                    "required": false,
                    "type": "unsigned int"
                },
                {
                    "name": "metrics",
                    "required": true,
                    "type": "list<businessadnetworkanalytics_metrics_enum_param>"
                },
                {
                    "name": "ordering_column",
                    "required": false,
                    "type": "businessadnetworkanalytics_ordering_column_enum_param"
                },
                {
                    "name": "ordering_type",
                    "required": false,
                    "type": "businessadnetworkanalytics_ordering_type_enum_param"
                },
                {
                    "name": "since",
                    "required": false,
                    "type": "datetime"
                },
                {
                    "name": "until",
                    "required": false,
                    "type": "datetime"
                }
            ]
        },
        {
            "method": "POST",
            "endpoint": "adnetworkanalytics",
            "return": "Business",
            "params": [
                {
                    "name": "aggregation_period",
                    "required": false,
                    "type": "businessadnetworkanalytics_aggregation_period_enum_param"
                },
                {
                    "name": "breakdowns",
                    "required": false,
                    "type": "list<businessadnetworkanalytics_breakdowns_enum_param>"
                },
                {
                    "name": "filters",
                    "required": false,
                    "type": "list<Object>"
                },
                {
                    "name": "limit",
                    "required": false,
                    "type": "int"
                },
                {
                    "name": "metrics",
                    "required": true,
                    "type": "list<businessadnetworkanalytics_metrics_enum_param>"
                },
                {
                    "name": "ordering_column",
                    "required": false,
                    "type": "businessadnetworkanalytics_ordering_column_enum_param"
                },
                {
                    "name": "ordering_type",
                    "required": false,
                    "type": "businessadnetworkanalytics_ordering_type_enum_param"
                },
                {
                    "name": "since",
                    "required": false,
                    "type": "datetime"
                },
                {
                    "name": "until",
                    "required": false,
                    "type": "datetime"
                }
            ]
        },
        {
            "method": "GET",
            "endpoint": "adnetworkanalytics_results",
            "return": "AdNetworkAnalyticsAsyncQueryResult",
            "params": [
                {
                    "name": "query_ids",
                    "required": false,
                    "type": "list<string>"
                }
            ]
        },
        {
            "method": "GET",
            "endpoint": "adspixels",
            "return": "AdsPixel",
            "params": [
                {
                    "name": "id_filter",
                    "required": false,
                    "type": "string"
                },
                {
                    "name": "name_filter",
                    "required": false,
                    "type": "string"
                },
                {
                    "name": "sort_by",
                    "required": false,
                    "type": "businessadspixels_sort_by_enum_param"
                }
            ]
        },
        {
            "method": "POST",
            "endpoint": "adspixels",
            "return": "AdsPixel",
            "params": [
                {
                    "name": "name",
                    "required": true,
                    "type": "string"
                }
            ]
        },
        {
            "method": "DELETE",
            "endpoint": "agencies",
            "return": "Object",
            "params": [
                {
                    "name": "business",
                    "required": true,
                    "type": "string"
                }
            ]
        },
        {
            "method": "GET",
            "endpoint": "agencies",
            "return": "Business",
            "params": []
        },
        {
            "method": "GET",
            "endpoint": "an_placements",
            "return": "AdPlacement",
            "params": []
        },
        {
            "method": "POST",
            "endpoint": "block_list_drafts",
            "return": "Business",
            "params": [
                {
                    "name": "publisher_urls_file",
                    "required": true,
                    "type": "file"
                }
            ]
        },
        {
            "method": "GET",
            "endpoint": "business_asset_groups",
            "return": "BusinessAssetGroup",
            "params": []
        },
        {
            "method": "GET",
            "endpoint": "business_invoices",
            "return": "OracleTransaction",
            "params": [
                {
                    "name": "end_date",
                    "required": false,
                    "type": "string"
                },
                {
                    "name": "invoice_id",
                    "required": false,
                    "type": "unsigned int"
                },
                {
                    "name": "issue_end_date",
                    "required": false,
                    "type": "string"
                },
                {
                    "name": "issue_start_date",
                    "required": false,
                    "type": "string"
                },
                {
                    "name": "root_id",
                    "required": false,
                    "type": "unsigned int"
                },
                {
                    "name": "start_date",
                    "required": false,
                    "type": "string"
                },
                {
                    "name": "type",
                    "required": false,
                    "type": "businessbusiness_invoices_type_enum_param"
                }
            ]
        },
        {
            "method": "GET",
            "endpoint": "business_users",
            "return": "BusinessUser",
            "params": []
        },
        {
            "method": "POST",
            "endpoint": "business_users",
            "return": "BusinessUser",
            "params": [
                {
                    "name": "email",
                    "required": true,
                    "type": "string"
                },
                {
                    "name": "role",
                    "required": false,
                    "type": "businessbusiness_users_role_enum_param"
                }
            ]
        },
        {
            "method": "GET",
            "endpoint": "businessprojects",
            "return": "BusinessProject",
            "params": []
        },
        {
            "method": "POST",
            "endpoint": "businessprojects",
            "return": "BusinessProject",
            "params": [
                {
                    "name": "name",
                    "required": true,
                    "type": "string"
                }
            ]
        },
        {
            "method": "POST",
            "endpoint": "catalog_segment_producer_tos",
            "return": "Business",
            "params": [
                {
                    "name": "catalog_segment_id",
                    "required": true,
                    "type": "string"
                }
            ]
        },
        {
            "method": "POST",
            "endpoint": "claim_custom_conversions",
            "return": "CustomConversion",
            "params": [
                {
                    "name": "custom_conversion_id",
                    "required": true,
                    "type": "string"
                }
            ]
        },
        {
            "method": "GET",
            "endpoint": "client_ad_accounts",
            "return": "AdAccount",
            "params": []
        },
        {
            "method": "POST",
            "endpoint": "client_ad_accounts",
            "return": "Business",
            "params": [
                {
                    "name": "adaccount_id",
                    "required": true,
                    "type": "string"
                },
                {
                    "name": "permitted_tasks",
                    "required": false,
                    "type": "list<businessclient_ad_accounts_permitted_tasks_enum_param>"
                }
            ]
        },
        {
            "method": "GET",
            "endpoint": "client_apps",
            "return": "Application",
            "params": []
        },
        {
            "method": "POST",
            "endpoint": "client_apps",
            "return": "Business",
            "params": [
                {
                    "name": "app_id",
                    "required": true,
                    "type": "Object"
                }
            ]
        },
        {
            "method": "GET",
            "endpoint": "client_pages",
            "return": "Page",
            "params": []
        },
        {
            "method": "POST",
            "endpoint": "client_pages",
            "return": "Business",
            "params": [
                {
                    "name": "page_id",
                    "required": true,
                    "type": "int"
                },
                {
                    "name": "permitted_tasks",
                    "required": false,
                    "type": "list<businessclient_pages_permitted_tasks_enum_param>"
                }
            ]
        },
        {
            "method": "GET",
            "endpoint": "client_pixels",
            "return": "AdsPixel",
            "params": []
        },
        {
            "method": "GET",
            "endpoint": "client_product_catalogs",
            "return": "ProductCatalog",
            "params": []
        },
        {
            "method": "DELETE",
            "endpoint": "clients",
            "return": "Object",
            "params": [
                {
                    "name": "business",
                    "required": true,
                    "type": "string"
                }
            ]
        },
        {
            "method": "GET",
            "endpoint": "clients",
            "return": "Business",
            "params": []
        },
        {
            "method": "GET",
            "endpoint": "content_delivery_report",
            "return": "ContentDeliveryReport",
            "params": [
                {
                    "name": "end_date",
                    "required": false,
                    "type": "datetime"
                },
                {
                    "name": "platform",
                    "required": true,
                    "type": "businesscontent_delivery_report_platform_enum_param"
                },
                {
                    "name": "position",
                    "required": true,
                    "type": "businesscontent_delivery_report_position_enum_param"
                },
                {
                    "name": "start_date",
                    "required": false,
                    "type": "datetime"
                },
                {
                    "name": "summary",
                    "required": false,
                    "type": "bool"
                }
            ]
        },
        {
            "method": "GET",
            "endpoint": "creative_folders",
            "return": "BusinessCreativeFolder",
            "params": []
        },
        {
            "method": "POST",
            "endpoint": "creative_folders",
            "return": "BusinessCreativeFolder",
            "params": [
                {
                    "name": "description",
                    "required": false,
                    "type": "string"
                },
                {
                    "name": "name",
                    "required": true,
                    "type": "string"
                }
            ]
        },
        {
            "method": "GET",
            "endpoint": "creatives",
            "return": "BusinessCreative",
            "params": [
                {
                    "name": "creative_folder_id",
                    "required": false,
                    "type": "string"
                }
            ]
        },
        {
            "method": "GET",
            "endpoint": "customconversions",
            "return": "CustomConversion",
            "params": [
                {
                    "name": "include_archived",
                    "required": false,
                    "type": "bool"
                }
            ]
        },
        {
            "method": "POST",
            "endpoint": "customconversions",
            "return": "CustomConversion",
            "params": [
                {
                    "name": "advanced_rule",
                    "required": false,
                    "type": "string"
                },
                {
                    "name": "custom_event_type",
                    "required": true,
                    "type": "businesscustomconversions_custom_event_type_enum_param"
                },
                {
                    "name": "default_conversion_value",
                    "required": false,
                    "type": "float"
                },
                {
                    "name": "description",
                    "required": false,
                    "type": "string"
                },
                {
                    "name": "event_source_id",
                    "required": false,
                    "type": "string"
                },
                {
                    "name": "name",
                    "required": true,
                    "type": "string"
                },
                {
                    "name": "rule",
                    "required": false,
                    "type": "string"
                }
            ]
        },
        {
            "method": "GET",
            "endpoint": "deal_shows_pages",
            "return": "Page",
            "params": []
        },
        {
            "method": "GET",
            "endpoint": "direct_deals",
            "return": "DirectDeal",
            "params": [
                {
                    "name": "status",
                    "required": false,
                    "type": "businessdirect_deals_status_enum_param"
                }
            ]
        },
        {
            "method": "GET",
            "endpoint": "event_source_groups",
            "return": "EventSourceGroup",
            "params": []
        },
        {
            "method": "POST",
            "endpoint": "event_source_groups",
            "return": "EventSourceGroup",
            "params": [
                {
                    "name": "event_sources",
                    "required": true,
                    "type": "list<string>"
                },
                {
                    "name": "name",
                    "required": true,
                    "type": "string"
                }
            ]
        },
        {
            "method": "GET",
            "endpoint": "extendedcredits",
            "return": "ExtendedCredit",
            "params": []
        },
        {
            "method": "POST",
            "endpoint": "images",
            "return": "BusinessImage",
            "params": [
                {
                    "name": "ad_placements_validation_only",
                    "required": false,
                    "type": "bool"
                },
                {
                    "name": "bytes",
                    "required": true,
                    "type": "Object"
                },
                {
                    "name": "creative_folder_id",
                    "required": true,
                    "type": "string"
                },
                {
                    "name": "name",
                    "required": true,
                    "type": "string"
                },
                {
                    "name": "validation_ad_placements",
                    "required": false,
                    "type": "list<businessimages_validation_ad_placements_enum_param>"
                }
            ]
        },
        {
            "method": "GET",
            "endpoint": "initiated_audience_sharing_requests",
            "return": "BusinessAssetSharingAgreement",
            "params": [
                {
                    "name": "recipient_id",
                    "required": false,
                    "type": "string"
                },
                {
                    "name": "request_status",
                    "required": false,
                    "type": "businessinitiated_audience_sharing_requests_request_status_enum_param"
                }
            ]
        },
        {
            "method": "GET",
            "endpoint": "initiated_sharing_agreements",
            "return": "BusinessAgreement",
            "params": [
                {
                    "name": "receiving_business_id",
                    "required": false,
                    "type": "string"
                },
                {
                    "name": "request_status",
                    "required": false,
                    "type": "businessinitiated_sharing_agreements_request_status_enum_param"
                }
            ]
        },
        {
            "method": "DELETE",
            "endpoint": "instagram_accounts",
            "return": "Object",
            "params": [
                {
                    "name": "instagram_account",
                    "required": true,
                    "type": "string"
                }
            ]
        },
        {
            "method": "GET",
            "endpoint": "instagram_accounts",
            "return": "InstagramUser",
            "params": []
        },
        {
            "method": "POST",
            "endpoint": "managed_businesses",
            "return": "Business",
            "params": [
                {
                    "name": "existing_client_business_id",
                    "required": false,
                    "type": "string"
                },
                {
                    "name": "name",
                    "required": false,
                    "type": "string"
                },
                {
                    "name": "sales_rep_email",
                    "required": false,
                    "type": "string"
                },
                {
                    "name": "survey_business_type",
                    "required": false,
                    "type": "businessmanaged_businesses_survey_business_type_enum_param"
                },
                {
                    "name": "survey_num_assets",
                    "required": false,
                    "type": "unsigned int"
                },
                {
                    "name": "survey_num_people",
                    "required": false,
                    "type": "unsigned int"
                },
                {
                    "name": "timezone_id",
                    "required": false,
                    "type": "unsigned int"
                },
                {
                    "name": "vertical",
                    "required": false,
                    "type": "businessmanaged_businesses_vertical_enum_param"
                }
            ]
        },
        {
            "method": "POST",
            "endpoint": "move_asset",
            "return": "Business",
            "params": [
                {
                    "name": "asset_id",
                    "required": true,
                    "type": "string"
                },
                {
                    "name": "client_id",
                    "required": true,
                    "type": "string"
                }
            ]
        },
        {
            "method": "GET",
            "endpoint": "offline_conversion_data_sets",
            "return": "OfflineConversionDataSet",
            "params": []
        },
        {
            "method": "POST",
            "endpoint": "offline_conversion_data_sets",
            "return": "OfflineConversionDataSet",
            "params": [
                {
                    "name": "auto_assign_to_new_accounts_only",
                    "required": false,
                    "type": "bool"
                },
                {
                    "name": "description",
                    "required": false,
                    "type": "string"
                },
                {
                    "name": "enable_auto_assign_to_accounts",
                    "required": false,
                    "type": "bool"
                },
                {
                    "name": "is_mta_use",
                    "required": false,
                    "type": "bool"
                },
                {
                    "name": "name",
                    "required": true,
                    "type": "string"
                }
            ]
        },
        {
            "method": "GET",
            "endpoint": "offline_terms_of_service",
            "return": "OfflineTermsOfService",
            "params": []
        },
        {
            "method": "GET",
            "endpoint": "owned_ad_accounts",
            "return": "AdAccount",
            "params": []
        },
        {
            "method": "POST",
            "endpoint": "owned_ad_accounts",
            "return": "Business",
            "params": [
                {
                    "name": "adaccount_id",
                    "required": true,
                    "type": "string"
                }
            ]
        },
        {
            "method": "GET",
            "endpoint": "owned_apps",
            "return": "Application",
            "params": []
        },
        {
            "method": "POST",
            "endpoint": "owned_apps",
            "return": "Business",
            "params": [
                {
                    "name": "app_id",
                    "required": true,
                    "type": "Object"
                }
            ]
        },
        {
            "method": "DELETE",
            "endpoint": "owned_businesses",
            "return": "Object",
            "params": [
                {
                    "name": "client_id",
                    "required": true,
                    "type": "string"
                }
            ]
        },
        {
            "method": "GET",
            "endpoint": "owned_businesses",
            "return": "Business",
            "params": [
                {
                    "name": "client_user_id",
                    "required": false,
                    "type": "Object"
                }
            ]
        },
        {
            "method": "POST",
            "endpoint": "owned_businesses",
            "return": "Business",
            "params": [
                {
                    "name": "name",
                    "required": true,
                    "type": "string"
                },
                {
                    "name": "page_permitted_tasks",
                    "required": false,
                    "type": "list<businessowned_businesses_page_permitted_tasks_enum_param>"
                },
                {
                    "name": "sales_rep_email",
                    "required": false,
                    "type": "string"
                },
                {
                    "name": "shared_page_id",
                    "required": false,
                    "type": "string"
                },
                {
                    "name": "survey_business_type",
                    "required": false,
                    "type": "businessowned_businesses_survey_business_type_enum_param"
                },
                {
                    "name": "survey_num_assets",
                    "required": false,
                    "type": "unsigned int"
                },
                {
                    "name": "survey_num_people",
                    "required": false,
                    "type": "unsigned int"
                },
                {
                    "name": "timezone_id",
                    "required": false,
                    "type": "unsigned int"
                },
                {
                    "name": "vertical",
                    "required": true,
                    "type": "businessowned_businesses_vertical_enum_param"
                }
            ]
        },
        {
            "method": "POST",
            "endpoint": "owned_domains",
            "return": "OwnedDomain",
            "params": [
                {
                    "name": "domain_name",
                    "required": true,
                    "type": "string"
                }
            ]
        },
        {
            "method": "GET",
            "endpoint": "owned_instagram_accounts",
            "return": "InstagramUser",
            "params": []
        },
        {
            "method": "GET",
            "endpoint": "owned_pages",
            "return": "Page",
            "params": []
        },
        {
            "method": "POST",
            "endpoint": "owned_pages",
            "return": "Business",
            "params": [
                {
                    "name": "ig_password",
                    "required": false,
                    "type": "string"
                },
                {
                    "name": "page_id",
                    "required": true,
                    "type": "int"
                }
            ]
        },
        {
            "method": "GET",
            "endpoint": "owned_pixels",
            "return": "AdsPixel",
            "params": []
        },
        {
            "method": "GET",
            "endpoint": "owned_product_catalogs",
            "return": "ProductCatalog",
            "params": []
        },
        {
            "method": "POST",
            "endpoint": "owned_product_catalogs",
            "return": "ProductCatalog",
            "params": [
                {
                    "name": "da_display_settings",
                    "required": false,
                    "type": "Object"
                },
                {
                    "name": "destination_catalog_settings",
                    "required": false,
                    "type": "map"
                },
                {
                    "name": "flight_catalog_settings",
                    "required": false,
                    "type": "map"
                },
                {
                    "name": "name",
                    "required": true,
                    "type": "string"
                },
                {
                    "name": "store_catalog_settings",
                    "required": false,
                    "type": "map"
                },
                {
                    "name": "vertical",
                    "required": false,
                    "type": "businessowned_product_catalogs_vertical_enum_param"
                }
            ]
        },
        {
            "method": "DELETE",
            "endpoint": "pages",
            "return": "Object",
            "params": [
                {
                    "name": "page_id",
                    "required": true,
                    "type": "int"
                }
            ]
        },
        {
            "method": "GET",
            "endpoint": "pending_client_ad_accounts",
            "return": "BusinessAdAccountRequest",
            "params": []
        },
        {
            "method": "GET",
            "endpoint": "pending_client_apps",
            "return": "BusinessApplicationRequest",
            "params": []
        },
        {
            "method": "GET",
            "endpoint": "pending_client_pages",
            "return": "BusinessPageRequest",
            "params": []
        },
        {
            "method": "GET",
            "endpoint": "pending_offline_conversion_data_sets",
            "return": "OfflineConversionDataSet",
            "params": []
        },
        {
            "method": "GET",
            "endpoint": "pending_owned_ad_accounts",
            "return": "BusinessAdAccountRequest",
            "params": []
        },
        {
            "method": "GET",
            "endpoint": "pending_owned_pages",
            "return": "BusinessPageRequest",
            "params": []
        },
        {
            "method": "GET",
            "endpoint": "pending_shared_creative_folders",
            "return": "BusinessCreativeFolder",
            "params": []
        },
        {
            "method": "GET",
            "endpoint": "pending_shared_pixels",
            "return": "AdsPixel",
            "params": []
        },
        {
            "method": "GET",
            "endpoint": "pending_users",
            "return": "BusinessRoleRequest",
            "params": [
                {
                    "name": "email",
                    "required": false,
                    "type": "string"
                }
            ]
        },
        {
            "method": "GET",
            "endpoint": "picture",
            "return": "ProfilePictureSource",
            "params": [
                {
                    "name": "height",
                    "required": false,
                    "type": "int"
                },
                {
                    "name": "redirect",
                    "required": false,
                    "type": "bool"
                },
                {
                    "name": "type",
                    "required": false,
                    "type": "businesspicture_type_enum_param"
                },
                {
                    "name": "width",
                    "required": false,
                    "type": "int"
                }
            ]
        },
        {
            "method": "GET",
            "endpoint": "received_audience_permissions",
            "return": "AudiencePermission",
            "params": [
                {
                    "name": "partner_id",
                    "required": false,
                    "type": "string"
                }
            ]
        },
        {
            "method": "GET",
            "endpoint": "received_audience_sharing_requests",
            "return": "BusinessAssetSharingAgreement",
            "params": [
                {
                    "name": "initiator_id",
                    "required": false,
                    "type": "string"
                },
                {
                    "name": "request_status",
                    "required": false,
                    "type": "businessreceived_audience_sharing_requests_request_status_enum_param"
                }
            ]
        },
        {
            "method": "GET",
            "endpoint": "received_inprogress_onbehalf_requests",
            "return": "BusinessOwnedObjectOnBehalfOfRequest",
            "params": []
        },
        {
            "method": "GET",
            "endpoint": "received_sharing_agreements",
            "return": "BusinessAgreement",
            "params": [
                {
                    "name": "request_status",
                    "required": false,
                    "type": "businessreceived_sharing_agreements_request_status_enum_param"
                },
                {
                    "name": "requesting_business_id",
                    "required": false,
                    "type": "string"
                }
            ]
        },
        {
            "method": "GET",
            "endpoint": "sent_inprogress_onbehalf_requests",
            "return": "BusinessOwnedObjectOnBehalfOfRequest",
            "params": []
        },
        {
            "method": "POST",
            "endpoint": "sent_inprogress_onbehalf_requests",
            "return": "BusinessOwnedObjectOnBehalfOfRequest",
            "params": [
                {
                    "name": "business_owned_object",
                    "required": true,
                    "type": "string"
                },
                {
                    "name": "receiving_business",
                    "required": true,
                    "type": "string"
                }
            ]
        },
        {
            "method": "GET",
            "endpoint": "shared_audience_permissions",
            "return": "AudiencePermission",
            "params": [
                {
                    "name": "partner_id",
                    "required": false,
                    "type": "string"
                }
            ]
        },
        {
            "method": "GET",
            "endpoint": "system_users",
            "return": "SystemUser",
            "params": []
        },
        {
            "method": "POST",
            "endpoint": "system_users",
            "return": "SystemUser",
            "params": [
                {
                    "name": "name",
                    "required": true,
                    "type": "string"
                },
                {
                    "name": "role",
                    "required": false,
                    "type": "businesssystem_users_role_enum_param"
                },
                {
                    "name": "system_user_id",
                    "required": false,
                    "type": "int"
                }
            ]
        },
        {
            "method": "GET",
            "endpoint": "third_party_measurement_report_dataset",
            "return": "ThirdPartyMeasurementReportDataset",
            "params": []
        },
        {
            "method": "POST",
            "endpoint": "upload_event",
            "return": "MeasurementUploadEvent",
            "params": [
                {
                    "name": "aggregation_level",
                    "required": false,
                    "type": "businessupload_event_aggregation_level_enum_param"
                },
                {
                    "name": "conversion_end_date",
                    "required": false,
                    "type": "string"
                },
                {
                    "name": "conversion_start_date",
                    "required": false,
                    "type": "string"
                },
                {
                    "name": "event_status",
                    "required": false,
                    "type": "businessupload_event_event_status_enum_param"
                },
                {
                    "name": "lookback_window",
                    "required": false,
                    "type": "businessupload_event_lookback_window_enum_param"
                },
                {
                    "name": "match_universe",
                    "required": false,
                    "type": "businessupload_event_match_universe_enum_param"
                },
                {
                    "name": "timezone",
                    "required": false,
                    "type": "businessupload_event_timezone_enum_param"
                },
                {
                    "name": "upload_tag",
                    "required": true,
                    "type": "string"
                }
            ]
        },
        {
            "method": "POST",
            "endpoint": "videos",
            "return": "AdVideo",
            "params": [
                {
                    "name": "ad_placements_validation_only",
                    "required": false,
                    "type": "bool"
                },
                {
                    "name": "adaptive_type",
                    "required": false,
                    "type": "string"
                },
                {
                    "name": "animated_effect_id",
                    "required": false,
                    "type": "unsigned int"
                },
                {
                    "name": "application_id",
                    "required": false,
                    "type": "string"
                },
                {
                    "name": "asked_fun_fact_prompt_id",
                    "required": false,
                    "type": "unsigned int"
                },
                {
                    "name": "attribution_app_id",
                    "required": false,
                    "type": "string"
                },
                {
                    "name": "audio_story_wave_animation_handle",
                    "required": false,
                    "type": "string"
                },
                {
                    "name": "chunk_session_id",
                    "required": false,
                    "type": "string"
                },
                {
                    "name": "composer_entry_picker",
                    "required": false,
                    "type": "string"
                },
                {
                    "name": "composer_entry_point",
                    "required": false,
                    "type": "string"
                },
                {
                    "name": "composer_entry_time",
                    "required": false,
                    "type": "unsigned int"
                },
                {
                    "name": "composer_session_events_log",
                    "required": false,
                    "type": "string"
                },
                {
                    "name": "composer_session_id",
                    "required": false,
                    "type": "string"
                },
                {
                    "name": "composer_source_surface",
                    "required": false,
                    "type": "string"
                },
                {
                    "name": "composer_type",
                    "required": false,
                    "type": "string"
                },
                {
                    "name": "container_type",
                    "required": false,
                    "type": "businessvideos_container_type_enum_param"
                },
                {
                    "name": "content_category",
                    "required": false,
                    "type": "businessvideos_content_category_enum_param"
                },
                {
                    "name": "creative_folder_id",
                    "required": true,
                    "type": "string"
                },
                {
                    "name": "description",
                    "required": false,
                    "type": "string"
                },
                {
                    "name": "embeddable",
                    "required": false,
                    "type": "bool"
                },
                {
                    "name": "end_offset",
                    "required": false,
                    "type": "unsigned int"
                },
                {
                    "name": "fbuploader_video_file_chunk",
                    "required": false,
                    "type": "string"
                },
                {
                    "name": "file_size",
                    "required": false,
                    "type": "unsigned int"
                },
                {
                    "name": "file_url",
                    "required": false,
                    "type": "string"
                },
                {
                    "name": "fisheye_video_cropped",
                    "required": false,
                    "type": "bool"
                },
                {
                    "name": "formatting",
                    "required": false,
                    "type": "businessvideos_formatting_enum_param"
                },
                {
                    "name": "fov",
                    "required": false,
                    "type": "unsigned int"
                },
                {
                    "name": "front_z_rotation",
                    "required": false,
                    "type": "float"
                },
                {
                    "name": "fun_fact_prompt_id",
                    "required": false,
                    "type": "unsigned int"
                },
                {
                    "name": "fun_fact_toastee_id",
                    "required": false,
                    "type": "unsigned int"
                },
                {
                    "name": "guide",
                    "required": false,
                    "type": "list<list<unsigned int>>"
                },
                {
                    "name": "guide_enabled",
                    "required": false,
                    "type": "bool"
                },
                {
                    "name": "has_nickname",
                    "required": false,
                    "type": "bool"
                },
                {
                    "name": "holiday_card",
                    "required": false,
                    "type": "string"
                },
                {
                    "name": "initial_heading",
                    "required": false,
                    "type": "unsigned int"
                },
                {
                    "name": "initial_pitch",
                    "required": false,
                    "type": "unsigned int"
                },
                {
                    "name": "instant_game_entry_point_data",
                    "required": false,
                    "type": "string"
                },
                {
                    "name": "is_boost_intended",
                    "required": false,
                    "type": "bool"
                },
                {
                    "name": "is_group_linking_post",
                    "required": false,
                    "type": "bool"
                },
                {
                    "name": "is_voice_clip",
                    "required": false,
                    "type": "bool"
                },
                {
                    "name": "location_source_id",
                    "required": false,
                    "type": "string"
                },
                {
                    "name": "offer_like_post_id",
                    "required": false,
                    "type": "unsigned int"
                },
                {
                    "name": "og_action_type_id",
                    "required": false,
                    "type": "string"
                },
                {
                    "name": "og_icon_id",
                    "required": false,
                    "type": "string"
                },
                {
                    "name": "og_object_id",
                    "required": false,
                    "type": "string"
                },
                {
                    "name": "og_phrase",
                    "required": false,
                    "type": "string"
                },
                {
                    "name": "og_suggestion_mechanism",
                    "required": false,
                    "type": "string"
                },
                {
                    "name": "original_fov",
                    "required": false,
                    "type": "unsigned int"
                },
                {
                    "name": "original_projection_type",
                    "required": false,
                    "type": "businessvideos_original_projection_type_enum_param"
                },
                {
                    "name": "publish_event_id",
                    "required": false,
                    "type": "unsigned int"
                },
                {
                    "name": "react_mode_metadata",
                    "required": false,
                    "type": "string"
                },
                {
                    "name": "referenced_sticker_id",
                    "required": false,
                    "type": "string"
                },
                {
                    "name": "replace_video_id",
                    "required": false,
                    "type": "string"
                },
                {
                    "name": "sales_promo_id",
                    "required": false,
                    "type": "unsigned int"
                },
                {
                    "name": "slideshow_spec",
                    "required": false,
                    "type": "map"
                },
                {
                    "name": "source",
                    "required": false,
                    "type": "string"
                },
                {
                    "name": "spherical",
                    "required": false,
                    "type": "bool"
                },
                {
                    "name": "start_offset",
                    "required": false,
                    "type": "unsigned int"
                },
                {
                    "name": "swap_mode",
                    "required": false,
                    "type": "businessvideos_swap_mode_enum_param"
                },
                {
                    "name": "text_format_metadata",
                    "required": false,
                    "type": "string"
                },
                {
                    "name": "throwback_camera_roll_media",
                    "required": false,
                    "type": "string"
                },
                {
                    "name": "thumb",
                    "required": false,
                    "type": "file"
                },
                {
                    "name": "time_since_original_post",
                    "required": false,
                    "type": "unsigned int"
                },
                {
                    "name": "title",
                    "required": false,
                    "type": "string"
                },
                {
                    "name": "transcode_setting_properties",
                    "required": false,
                    "type": "string"
                },
                {
                    "name": "unpublished_content_type",
                    "required": false,
                    "type": "businessvideos_unpublished_content_type_enum_param"
                },
                {
                    "name": "upload_phase",
                    "required": false,
                    "type": "businessvideos_upload_phase_enum_param"
                },
                {
                    "name": "upload_session_id",
                    "required": false,
                    "type": "string"
                },
                {
                    "name": "upload_setting_properties",
                    "required": false,
                    "type": "string"
                },
                {
                    "name": "validation_ad_placements",
                    "required": false,
                    "type": "list<businessvideos_validation_ad_placements_enum_param>"
                },
                {
                    "name": "video_file_chunk",
                    "required": false,
                    "type": "string"
                },
                {
                    "name": "video_start_time_ms",
                    "required": false,
                    "type": "unsigned int"
                },
                {
                    "name": "waterfall_id",
                    "required": false,
                    "type": "string"
                }
            ]
        },
        {
            "name": "#get",
            "method": "GET",
            "return": "Business",
            "params": []
        },
        {
            "name": "#update",
            "method": "POST",
            "return": "Business",
            "params": [
                {
                    "name": "name",
                    "required": false,
                    "type": "string"
                },
                {
                    "name": "primary_page",
                    "required": false,
                    "type": "string"
                },
                {
                    "name": "timezone_id",
                    "required": false,
                    "type": "unsigned int"
                },
                {
                    "name": "two_factor_type",
                    "required": false,
                    "type": "business_two_factor_type"
                },
                {
                    "name": "vertical",
                    "required": false,
                    "type": "business_vertical"
                }
            ]
        }
    ],
    "fields": [
        {
            "name": "block_offline_analytics",
            "type": "bool"
        },
        {
            "name": "created_by",
            "type": "Object"
        },
        {
            "name": "created_time",
            "type": "datetime"
        },
        {
            "name": "extended_updated_time",
            "type": "datetime"
        },
        {
            "name": "id",
            "type": "string"
        },
        {
            "name": "is_hidden",
            "type": "bool"
        },
        {
            "name": "is_instagram_enabled_in_fb_analytics",
            "type": "bool"
        },
        {
            "name": "link",
            "type": "string"
        },
        {
            "name": "name",
            "type": "string"
        },
        {
            "name": "payment_account_id",
            "type": "string"
        },
        {
            "name": "primary_page",
            "type": "Page"
        },
        {
            "name": "profile_picture_uri",
            "type": "string"
        },
        {
            "name": "timezone_id",
            "type": "unsigned int"
        },
        {
            "name": "two_factor_type",
            "type": "string"
        },
        {
            "name": "updated_by",
            "type": "Object"
        },
        {
            "name": "updated_time",
            "type": "datetime"
        },
        {
            "name": "verification_status",
            "type": "string"
        },
        {
            "name": "vertical",
            "type": "string"
        },
        {
            "name": "vertical_id",
            "type": "unsigned int"
        }
    ]
}
