{
    "apis": [
        {
            "method": "GET",
            "endpoint": "atlas_sales_accesses",
            "return": "AtlasSalesAccess",
            "params": []
        },
        {
            "method": "POST",
            "endpoint": "atlas_sales_accesses",
            "return": "AtlasSalesAccess",
            "params": [
                {
                    "name": "access_request_id",
                    "required": true,
                    "type": "string"
                },
                {
                    "name": "status",
                    "required": true,
                    "type": "string"
                }
            ]
        },
        {
            "name": "#get",
            "method": "GET",
            "return": "BusinessUnit",
            "params": []
        }
    ],
    "fields": [
        {
            "name": "business",
            "type": "Business"
        },
        {
            "name": "creation_time",
            "type": "datetime"
        },
        {
            "name": "id",
            "type": "string"
        },
        {
            "name": "name",
            "type": "string"
        }
    ]
}
