{
    "apis": [
        {
            "name": "#get",
            "method": "GET",
            "return": "CPASParentCatalogSettings",
            "params": []
        },
        {
            "name": "#update",
            "method": "POST",
            "return": "CPASParentCatalogSettings",
            "params": [
                {
                    "name": "attribution_windows",
                    "required": false,
                    "type": "list<cpasparentcatalogsettings_attribution_windows>"
                }
            ]
        }
    ],
    "fields": [
        {
            "name": "attribution_windows",
            "type": "list<string>"
        },
        {
            "name": "default_currency",
            "type": "string"
        },
        {
            "name": "id",
            "type": "string"
        }
    ]
}
