{
    "apis": [
        {
            "method": "GET",
            "endpoint": "stats",
            "return": "CustomConversionStatsResult",
            "params": [
                {
                    "name": "aggregation",
                    "required": false,
                    "type": "customconversionstats_aggregation_enum_param"
                },
                {
                    "name": "end_time",
                    "required": false,
                    "type": "datetime"
                },
                {
                    "name": "start_time",
                    "required": false,
                    "type": "datetime"
                }
            ]
        },
        {
            "name": "#delete",
            "method": "DELETE",
            "return": "Object",
            "params": []
        },
        {
            "name": "#get",
            "method": "GET",
            "return": "CustomConversion",
            "params": []
        },
        {
            "name": "#update",
            "method": "POST",
            "return": "CustomConversion",
            "params": [
                {
                    "name": "default_conversion_value",
                    "required": false,
                    "type": "float"
                },
                {
                    "name": "description",
                    "required": false,
                    "type": "string"
                },
                {
                    "name": "name",
                    "required": false,
                    "type": "string"
                }
            ]
        }
    ],
    "fields": [
        {
            "name": "account_id",
            "type": "string"
        },
        {
            "name": "aggregation_rule",
            "type": "string"
        },
        {
            "name": "business",
            "type": "Business"
        },
        {
            "name": "creation_time",
            "type": "datetime"
        },
        {
            "name": "custom_event_type",
            "type": "CustomConversion_custom_event_type"
        },
        {
            "name": "data_sources",
            "type": "list<ExternalEventSource>"
        },
        {
            "name": "default_conversion_value",
            "type": "int"
        },
        {
            "name": "description",
            "type": "string"
        },
        {
            "name": "event_source_type",
            "type": "string"
        },
        {
            "name": "first_fired_time",
            "type": "datetime"
        },
        {
            "name": "id",
            "type": "string"
        },
        {
            "name": "is_archived",
            "type": "bool"
        },
        {
            "name": "is_unavailable",
            "type": "bool"
        },
        {
            "name": "last_fired_time",
            "type": "datetime"
        },
        {
            "name": "name",
            "type": "string"
        },
        {
            "name": "offline_conversion_data_set",
            "type": "OfflineConversionDataSet"
        },
        {
            "name": "pixel",
            "type": "AdsPixel"
        },
        {
            "name": "retention_days",
            "type": "unsigned int"
        },
        {
            "name": "rule",
            "type": "string"
        }
    ]
}
