{
    "apis": [],
    "fields": [
        {
            "name": "action_uri",
            "type": "string"
        },
        {
            "name": "description",
            "type": "string"
        },
        {
            "name": "key",
            "type": "string"
        },
        {
            "name": "result",
            "type": "string"
        },
        {
            "name": "title",
            "type": "string"
        },
        {
            "name": "user_message",
            "type": "string"
        }
    ]
}
