{
    "apis": [
        {
            "name": "#get",
            "method": "GET",
            "return": "Destination",
            "params": []
        }
    ],
    "fields": [
        {
            "name": "address",
            "type": "string"
        },
        {
            "name": "applinks",
            "type": "AppLinks"
        },
        {
            "name": "currency",
            "type": "string"
        },
        {
            "name": "description",
            "type": "string"
        },
        {
            "name": "destination_id",
            "type": "string"
        },
        {
            "name": "id",
            "type": "string"
        },
        {
            "name": "images",
            "type": "list<string>"
        },
        {
            "name": "name",
            "type": "string"
        },
        {
            "name": "price",
            "type": "string"
        },
        {
            "name": "price_change",
            "type": "string"
        },
        {
            "name": "sanitized_images",
            "type": "list<string>"
        },
        {
            "name": "types",
            "type": "list<string>"
        },
        {
            "name": "url",
            "type": "string"
        }
    ]
}
