{
    "apis": [
        {
            "method": "GET",
            "endpoint": "bundle_folders",
            "return": "DynamicItemDisplayBundleFolder",
            "params": []
        },
        {
            "name": "#delete",
            "method": "DELETE",
            "return": "Object",
            "params": []
        },
        {
            "name": "#get",
            "method": "GET",
            "return": "DynamicItemDisplayBundle",
            "params": []
        },
        {
            "name": "#update",
            "method": "POST",
            "return": "DynamicItemDisplayBundle",
            "params": [
                {
                    "name": "additional_urls",
                    "required": false,
                    "type": "map"
                },
                {
                    "name": "description",
                    "required": false,
                    "type": "string"
                },
                {
                    "name": "name",
                    "required": false,
                    "type": "string"
                },
                {
                    "name": "text_tokens",
                    "required": false,
                    "type": "map"
                },
                {
                    "name": "url",
                    "required": false,
                    "type": "string"
                }
            ]
        }
    ],
    "fields": [
        {
            "name": "additional_urls",
            "type": "map<string, string>"
        },
        {
            "name": "description",
            "type": "string"
        },
        {
            "name": "id",
            "type": "string"
        },
        {
            "name": "name",
            "type": "string"
        },
        {
            "name": "product_set",
            "type": "ProductSet"
        },
        {
            "name": "text_tokens",
            "type": "map<string, string>"
        },
        {
            "name": "url",
            "type": "string"
        }
    ]
}
