{
    "apis": [
        {
            "method": "GET",
            "endpoint": "admins",
            "return": "Profile",
            "params": []
        },
        {
            "method": "POST",
            "endpoint": "feed",
            "return": "Object",
            "params": [
                {
                    "name": "actions",
                    "required": false,
                    "type": "Object"
                },
                {
                    "name": "adaptive_type",
                    "required": false,
                    "type": "string"
                },
                {
                    "name": "album_id",
                    "required": false,
                    "type": "string"
                },
                {
                    "name": "android_key_hash",
                    "required": false,
                    "type": "string"
                },
                {
                    "name": "animated_effect_id",
                    "required": false,
                    "type": "unsigned int"
                },
                {
                    "name": "application_id",
                    "required": false,
                    "type": "string"
                },
                {
                    "name": "asked_fun_fact_prompt_id",
                    "required": false,
                    "type": "unsigned int"
                },
                {
                    "name": "asset3d_id",
                    "required": false,
                    "type": "unsigned int"
                },
                {
                    "name": "associated_id",
                    "required": false,
                    "type": "string"
                },
                {
                    "name": "attach_place_suggestion",
                    "required": false,
                    "type": "bool"
                },
                {
                    "name": "attached_media",
                    "required": false,
                    "type": "list<Object>"
                },
                {
                    "name": "audience_exp",
                    "required": false,
                    "type": "bool"
                },
                {
                    "name": "backdated_time",
                    "required": false,
                    "type": "datetime"
                },
                {
                    "name": "backdated_time_granularity",
                    "required": false,
                    "type": "eventfeed_backdated_time_granularity_enum_param"
                },
                {
                    "name": "call_to_action",
                    "required": false,
                    "type": "Object"
                },
                {
                    "name": "caption",
                    "required": false,
                    "type": "string"
                },
                {
                    "name": "checkin_entry_point",
                    "required": false,
                    "type": "eventfeed_checkin_entry_point_enum_param"
                },
                {
                    "name": "child_attachments",
                    "required": false,
                    "type": "list<Object>"
                },
                {
                    "name": "client_mutation_id",
                    "required": false,
                    "type": "string"
                },
                {
                    "name": "composer_entry_picker",
                    "required": false,
                    "type": "string"
                },
                {
                    "name": "composer_entry_point",
                    "required": false,
                    "type": "string"
                },
                {
                    "name": "composer_entry_time",
                    "required": false,
                    "type": "unsigned int"
                },
                {
                    "name": "composer_session_events_log",
                    "required": false,
                    "type": "string"
                },
                {
                    "name": "composer_session_id",
                    "required": false,
                    "type": "string"
                },
                {
                    "name": "composer_source_surface",
                    "required": false,
                    "type": "string"
                },
                {
                    "name": "composer_type",
                    "required": false,
                    "type": "string"
                },
                {
                    "name": "connection_class",
                    "required": false,
                    "type": "string"
                },
                {
                    "name": "content_attachment",
                    "required": false,
                    "type": "string"
                },
                {
                    "name": "coordinates",
                    "required": false,
                    "type": "Object"
                },
                {
                    "name": "cta_link",
                    "required": false,
                    "type": "string"
                },
                {
                    "name": "cta_type",
                    "required": false,
                    "type": "string"
                },
                {
                    "name": "description",
                    "required": false,
                    "type": "string"
                },
                {
                    "name": "direct_share_status",
                    "required": false,
                    "type": "unsigned int"
                },
                {
                    "name": "expanded_height",
                    "required": false,
                    "type": "unsigned int"
                },
                {
                    "name": "expanded_width",
                    "required": false,
                    "type": "unsigned int"
                },
                {
                    "name": "feed_targeting",
                    "required": false,
                    "type": "Object"
                },
                {
                    "name": "formatting",
                    "required": false,
                    "type": "eventfeed_formatting_enum_param"
                },
                {
                    "name": "fun_fact_prompt_id",
                    "required": false,
                    "type": "unsigned int"
                },
                {
                    "name": "fun_fact_toastee_id",
                    "required": false,
                    "type": "unsigned int"
                },
                {
                    "name": "has_nickname",
                    "required": false,
                    "type": "bool"
                },
                {
                    "name": "height",
                    "required": false,
                    "type": "unsigned int"
                },
                {
                    "name": "holiday_card",
                    "required": false,
                    "type": "string"
                },
                {
                    "name": "home_checkin_city_id",
                    "required": false,
                    "type": "Object"
                },
                {
                    "name": "image_crops",
                    "required": false,
                    "type": "map"
                },
                {
                    "name": "implicit_with_tags",
                    "required": false,
                    "type": "list<int>"
                },
                {
                    "name": "instant_game_entry_point_data",
                    "required": false,
                    "type": "string"
                },
                {
                    "name": "ios_bundle_id",
                    "required": false,
                    "type": "string"
                },
                {
                    "name": "is_backout_draft",
                    "required": false,
                    "type": "bool"
                },
                {
                    "name": "is_boost_intended",
                    "required": false,
                    "type": "bool"
                },
                {
                    "name": "is_explicit_location",
                    "required": false,
                    "type": "bool"
                },
                {
                    "name": "is_explicit_share",
                    "required": false,
                    "type": "bool"
                },
                {
                    "name": "is_group_linking_post",
                    "required": false,
                    "type": "bool"
                },
                {
                    "name": "is_photo_container",
                    "required": false,
                    "type": "bool"
                },
                {
                    "name": "link",
                    "required": false,
                    "type": "string"
                },
                {
                    "name": "location_source_id",
                    "required": false,
                    "type": "string"
                },
                {
                    "name": "manual_privacy",
                    "required": false,
                    "type": "bool"
                },
                {
                    "name": "message",
                    "required": false,
                    "type": "string"
                },
                {
                    "name": "multi_share_end_card",
                    "required": false,
                    "type": "bool"
                },
                {
                    "name": "multi_share_optimized",
                    "required": false,
                    "type": "bool"
                },
                {
                    "name": "name",
                    "required": false,
                    "type": "string"
                },
                {
                    "name": "nectar_module",
                    "required": false,
                    "type": "string"
                },
                {
                    "name": "object_attachment",
                    "required": false,
                    "type": "string"
                },
                {
                    "name": "offer_like_post_id",
                    "required": false,
                    "type": "unsigned int"
                },
                {
                    "name": "og_action_type_id",
                    "required": false,
                    "type": "string"
                },
                {
                    "name": "og_hide_object_attachment",
                    "required": false,
                    "type": "bool"
                },
                {
                    "name": "og_icon_id",
                    "required": false,
                    "type": "string"
                },
                {
                    "name": "og_object_id",
                    "required": false,
                    "type": "string"
                },
                {
                    "name": "og_phrase",
                    "required": false,
                    "type": "string"
                },
                {
                    "name": "og_set_profile_badge",
                    "required": false,
                    "type": "bool"
                },
                {
                    "name": "og_suggestion_mechanism",
                    "required": false,
                    "type": "string"
                },
                {
                    "name": "page_recommendation",
                    "required": false,
                    "type": "string"
                },
                {
                    "name": "picture",
                    "required": false,
                    "type": "string"
                },
                {
                    "name": "place",
                    "required": false,
                    "type": "Object"
                },
                {
                    "name": "place_attachment_setting",
                    "required": false,
                    "type": "eventfeed_place_attachment_setting_enum_param"
                },
                {
                    "name": "place_list",
                    "required": false,
                    "type": "string"
                },
                {
                    "name": "place_list_data",
                    "required": false,
                    "type": "list"
                },
                {
                    "name": "post_surfaces_blacklist",
                    "required": false,
                    "type": "list<eventfeed_post_surfaces_blacklist_enum_param>"
                },
                {
                    "name": "posting_to_redspace",
                    "required": false,
                    "type": "eventfeed_posting_to_redspace_enum_param"
                },
                {
                    "name": "privacy",
                    "required": false,
                    "type": "string"
                },
                {
                    "name": "prompt_id",
                    "required": false,
                    "type": "string"
                },
                {
                    "name": "prompt_tracking_string",
                    "required": false,
                    "type": "string"
                },
                {
                    "name": "properties",
                    "required": false,
                    "type": "Object"
                },
                {
                    "name": "proxied_app_id",
                    "required": false,
                    "type": "string"
                },
                {
                    "name": "publish_event_id",
                    "required": false,
                    "type": "unsigned int"
                },
                {
                    "name": "published",
                    "required": false,
                    "type": "bool"
                },
                {
                    "name": "quote",
                    "required": false,
                    "type": "string"
                },
                {
                    "name": "react_mode_metadata",
                    "required": false,
                    "type": "string"
                },
                {
                    "name": "ref",
                    "required": false,
                    "type": "list<string>"
                },
                {
                    "name": "referenceable_image_ids",
                    "required": false,
                    "type": "list<string>"
                },
                {
                    "name": "referral_id",
                    "required": false,
                    "type": "string"
                },
                {
                    "name": "sales_promo_id",
                    "required": false,
                    "type": "unsigned int"
                },
                {
                    "name": "scheduled_publish_time",
                    "required": false,
                    "type": "datetime"
                },
                {
                    "name": "source",
                    "required": false,
                    "type": "string"
                },
                {
                    "name": "sponsor_id",
                    "required": false,
                    "type": "string"
                },
                {
                    "name": "sponsor_relationship",
                    "required": false,
                    "type": "unsigned int"
                },
                {
                    "name": "suggested_place_id",
                    "required": false,
                    "type": "Object"
                },
                {
                    "name": "tags",
                    "required": false,
                    "type": "list<int>"
                },
                {
                    "name": "target_surface",
                    "required": false,
                    "type": "eventfeed_target_surface_enum_param"
                },
                {
                    "name": "targeting",
                    "required": false,
                    "type": "Object"
                },
                {
                    "name": "text_format_metadata",
                    "required": false,
                    "type": "string"
                },
                {
                    "name": "text_format_preset_id",
                    "required": false,
                    "type": "string"
                },
                {
                    "name": "text_only_place",
                    "required": false,
                    "type": "string"
                },
                {
                    "name": "throwback_camera_roll_media",
                    "required": false,
                    "type": "string"
                },
                {
                    "name": "thumbnail",
                    "required": false,
                    "type": "file"
                },
                {
                    "name": "time_since_original_post",
                    "required": false,
                    "type": "unsigned int"
                },
                {
                    "name": "title",
                    "required": false,
                    "type": "string"
                },
                {
                    "name": "tracking_info",
                    "required": false,
                    "type": "string"
                },
                {
                    "name": "unpublished_content_type",
                    "required": false,
                    "type": "eventfeed_unpublished_content_type_enum_param"
                },
                {
                    "name": "user_selected_tags",
                    "required": false,
                    "type": "bool"
                },
                {
                    "name": "video_start_time_ms",
                    "required": false,
                    "type": "unsigned int"
                },
                {
                    "name": "viewer_coordinates",
                    "required": false,
                    "type": "Object"
                },
                {
                    "name": "width",
                    "required": false,
                    "type": "unsigned int"
                }
            ]
        },
        {
            "method": "POST",
            "endpoint": "live_videos",
            "return": "LiveVideo",
            "params": [
                {
                    "name": "content_tags",
                    "required": false,
                    "type": "list<string>"
                },
                {
                    "name": "description",
                    "required": false,
                    "type": "string"
                },
                {
                    "name": "encoding_settings",
                    "required": false,
                    "type": "string"
                },
                {
                    "name": "fisheye_video_cropped",
                    "required": false,
                    "type": "bool"
                },
                {
                    "name": "front_z_rotation",
                    "required": false,
                    "type": "float"
                },
                {
                    "name": "is_audio_only",
                    "required": false,
                    "type": "bool"
                },
                {
                    "name": "is_spherical",
                    "required": false,
                    "type": "bool"
                },
                {
                    "name": "live_encoders",
                    "required": false,
                    "type": "list<string>"
                },
                {
                    "name": "original_fov",
                    "required": false,
                    "type": "unsigned int"
                },
                {
                    "name": "planned_start_time",
                    "required": false,
                    "type": "int"
                },
                {
                    "name": "privacy",
                    "required": false,
                    "type": "string"
                },
                {
                    "name": "projection",
                    "required": false,
                    "type": "eventlive_videos_projection_enum_param"
                },
                {
                    "name": "published",
                    "required": false,
                    "type": "bool"
                },
                {
                    "name": "save_vod",
                    "required": false,
                    "type": "bool"
                },
                {
                    "name": "schedule_custom_profile_image",
                    "required": false,
                    "type": "file"
                },
                {
                    "name": "spatial_audio_format",
                    "required": false,
                    "type": "eventlive_videos_spatial_audio_format_enum_param"
                },
                {
                    "name": "status",
                    "required": false,
                    "type": "eventlive_videos_status_enum_param"
                },
                {
                    "name": "stereoscopic_mode",
                    "required": false,
                    "type": "eventlive_videos_stereoscopic_mode_enum_param"
                },
                {
                    "name": "stop_on_delete_stream",
                    "required": false,
                    "type": "bool"
                },
                {
                    "name": "stream_type",
                    "required": false,
                    "type": "eventlive_videos_stream_type_enum_param"
                },
                {
                    "name": "title",
                    "required": false,
                    "type": "string"
                }
            ]
        },
        {
            "method": "POST",
            "endpoint": "photos",
            "return": "Photo",
            "params": [
                {
                    "name": "aid",
                    "required": false,
                    "type": "string"
                },
                {
                    "name": "allow_spherical_photo",
                    "required": false,
                    "type": "bool"
                },
                {
                    "name": "alt_text_custom",
                    "required": false,
                    "type": "string"
                },
                {
                    "name": "android_key_hash",
                    "required": false,
                    "type": "string"
                },
                {
                    "name": "application_id",
                    "required": false,
                    "type": "string"
                },
                {
                    "name": "attempt",
                    "required": false,
                    "type": "unsigned int"
                },
                {
                    "name": "audience_exp",
                    "required": false,
                    "type": "bool"
                },
                {
                    "name": "backdated_time",
                    "required": false,
                    "type": "datetime"
                },
                {
                    "name": "backdated_time_granularity",
                    "required": false,
                    "type": "eventphotos_backdated_time_granularity_enum_param"
                },
                {
                    "name": "caption",
                    "required": false,
                    "type": "string"
                },
                {
                    "name": "composer_session_id",
                    "required": false,
                    "type": "string"
                },
                {
                    "name": "direct_share_status",
                    "required": false,
                    "type": "unsigned int"
                },
                {
                    "name": "feed_targeting",
                    "required": false,
                    "type": "Object"
                },
                {
                    "name": "filter_type",
                    "required": false,
                    "type": "unsigned int"
                },
                {
                    "name": "full_res_is_coming_later",
                    "required": false,
                    "type": "bool"
                },
                {
                    "name": "initial_view_heading_override_degrees",
                    "required": false,
                    "type": "unsigned int"
                },
                {
                    "name": "initial_view_pitch_override_degrees",
                    "required": false,
                    "type": "unsigned int"
                },
                {
                    "name": "initial_view_vertical_fov_override_degrees",
                    "required": false,
                    "type": "unsigned int"
                },
                {
                    "name": "ios_bundle_id",
                    "required": false,
                    "type": "string"
                },
                {
                    "name": "is_explicit_location",
                    "required": false,
                    "type": "bool"
                },
                {
                    "name": "is_explicit_place",
                    "required": false,
                    "type": "bool"
                },
                {
                    "name": "manual_privacy",
                    "required": false,
                    "type": "bool"
                },
                {
                    "name": "message",
                    "required": false,
                    "type": "string"
                },
                {
                    "name": "name",
                    "required": false,
                    "type": "string"
                },
                {
                    "name": "no_story",
                    "required": false,
                    "type": "bool"
                },
                {
                    "name": "offline_id",
                    "required": false,
                    "type": "unsigned int"
                },
                {
                    "name": "og_action_type_id",
                    "required": false,
                    "type": "string"
                },
                {
                    "name": "og_icon_id",
                    "required": false,
                    "type": "string"
                },
                {
                    "name": "og_object_id",
                    "required": false,
                    "type": "string"
                },
                {
                    "name": "og_phrase",
                    "required": false,
                    "type": "string"
                },
                {
                    "name": "og_set_profile_badge",
                    "required": false,
                    "type": "bool"
                },
                {
                    "name": "og_suggestion_mechanism",
                    "required": false,
                    "type": "string"
                },
                {
                    "name": "place",
                    "required": false,
                    "type": "Object"
                },
                {
                    "name": "privacy",
                    "required": false,
                    "type": "string"
                },
                {
                    "name": "profile_id",
                    "required": false,
                    "type": "int"
                },
                {
                    "name": "proxied_app_id",
                    "required": false,
                    "type": "string"
                },
                {
                    "name": "published",
                    "required": false,
                    "type": "bool"
                },
                {
                    "name": "qn",
                    "required": false,
                    "type": "string"
                },
                {
                    "name": "scheduled_publish_time",
                    "required": false,
                    "type": "unsigned int"
                },
                {
                    "name": "spherical_metadata",
                    "required": false,
                    "type": "map"
                },
                {
                    "name": "sponsor_id",
                    "required": false,
                    "type": "string"
                },
                {
                    "name": "sponsor_relationship",
                    "required": false,
                    "type": "unsigned int"
                },
                {
                    "name": "tags",
                    "required": false,
                    "type": "list<Object>"
                },
                {
                    "name": "target_id",
                    "required": false,
                    "type": "int"
                },
                {
                    "name": "targeting",
                    "required": false,
                    "type": "Object"
                },
                {
                    "name": "time_since_original_post",
                    "required": false,
                    "type": "unsigned int"
                },
                {
                    "name": "uid",
                    "required": false,
                    "type": "int"
                },
                {
                    "name": "unpublished_content_type",
                    "required": false,
                    "type": "eventphotos_unpublished_content_type_enum_param"
                },
                {
                    "name": "url",
                    "required": false,
                    "type": "string"
                },
                {
                    "name": "user_selected_tags",
                    "required": false,
                    "type": "bool"
                },
                {
                    "name": "vault_image_id",
                    "required": false,
                    "type": "string"
                }
            ]
        },
        {
            "method": "GET",
            "endpoint": "picture",
            "return": "ProfilePictureSource",
            "params": [
                {
                    "name": "height",
                    "required": false,
                    "type": "int"
                },
                {
                    "name": "redirect",
                    "required": false,
                    "type": "bool"
                },
                {
                    "name": "type",
                    "required": false,
                    "type": "eventpicture_type_enum_param"
                },
                {
                    "name": "width",
                    "required": false,
                    "type": "int"
                }
            ]
        },
        {
            "method": "GET",
            "endpoint": "roles",
            "return": "Profile",
            "params": []
        },
        {
            "name": "#get",
            "method": "GET",
            "return": "Event",
            "params": []
        }
    ],
    "fields": [
        {
            "name": "attending_count",
            "type": "int"
        },
        {
            "name": "can_guests_invite",
            "type": "bool"
        },
        {
            "name": "category",
            "type": "Event_category"
        },
        {
            "name": "cover",
            "type": "CoverPhoto"
        },
        {
            "name": "declined_count",
            "type": "int"
        },
        {
            "name": "description",
            "type": "string"
        },
        {
            "name": "discount_code_enabled",
            "type": "bool"
        },
        {
            "name": "end_time",
            "type": "string"
        },
        {
            "name": "event_times",
            "type": "list<ChildEvent>"
        },
        {
            "name": "guest_list_enabled",
            "type": "bool"
        },
        {
            "name": "id",
            "type": "string"
        },
        {
            "name": "interested_count",
            "type": "int"
        },
        {
            "name": "is_canceled",
            "type": "bool"
        },
        {
            "name": "is_draft",
            "type": "bool"
        },
        {
            "name": "is_page_owned",
            "type": "bool"
        },
        {
            "name": "maybe_count",
            "type": "int"
        },
        {
            "name": "name",
            "type": "string"
        },
        {
            "name": "noreply_count",
            "type": "int"
        },
        {
            "name": "owner",
            "type": "Object"
        },
        {
            "name": "parent_group",
            "type": "Group"
        },
        {
            "name": "place",
            "type": "Place"
        },
        {
            "name": "scheduled_publish_time",
            "type": "string"
        },
        {
            "name": "start_time",
            "type": "string"
        },
        {
            "name": "ticket_uri",
            "type": "string"
        },
        {
            "name": "ticket_uri_start_sales_time",
            "type": "string"
        },
        {
            "name": "ticketing_privacy_uri",
            "type": "string"
        },
        {
            "name": "ticketing_terms_uri",
            "type": "string"
        },
        {
            "name": "timezone",
            "type": "string"
        },
        {
            "name": "type",
            "type": "Event_type"
        },
        {
            "name": "updated_time",
            "type": "datetime"
        }
    ]
}
