{
    "apis": [
        {
            "name": "#get",
            "method": "GET",
            "return": "FriendList",
            "params": []
        }
    ],
    "fields": [
        {
            "name": "id",
            "type": "string"
        },
        {
            "name": "list_type",
            "type": "string"
        },
        {
            "name": "name",
            "type": "string"
        },
        {
            "name": "owner",
            "type": "string"
        }
    ]
}
