{
    "apis": [
        {
            "method": "GET",
            "endpoint": "pricing_variables",
            "return": "DynamicPriceConfigByDate",
            "params": []
        },
        {
            "name": "#delete",
            "method": "DELETE",
            "return": "Object",
            "params": []
        },
        {
            "name": "#get",
            "method": "GET",
            "return": "HotelRoom",
            "params": []
        },
        {
            "name": "#update",
            "method": "POST",
            "return": "HotelRoom",
            "params": [
                {
                    "name": "applinks",
                    "required": false,
                    "type": "Object"
                },
                {
                    "name": "base_price",
                    "required": false,
                    "type": "float"
                },
                {
                    "name": "currency",
                    "required": false,
                    "type": "string"
                },
                {
                    "name": "description",
                    "required": false,
                    "type": "string"
                },
                {
                    "name": "images",
                    "required": false,
                    "type": "list<Object>"
                },
                {
                    "name": "margin_level",
                    "required": false,
                    "type": "unsigned int"
                },
                {
                    "name": "name",
                    "required": false,
                    "type": "string"
                },
                {
                    "name": "pricing_variables",
                    "required": false,
                    "type": "list<Object>"
                },
                {
                    "name": "sale_price",
                    "required": false,
                    "type": "float"
                },
                {
                    "name": "url",
                    "required": false,
                    "type": "string"
                }
            ]
        }
    ],
    "fields": [
        {
            "name": "applinks",
            "type": "AppLinks"
        },
        {
            "name": "base_price",
            "type": "string"
        },
        {
            "name": "currency",
            "type": "string"
        },
        {
            "name": "description",
            "type": "string"
        },
        {
            "name": "id",
            "type": "string"
        },
        {
            "name": "images",
            "type": "list<string>"
        },
        {
            "name": "margin_level",
            "type": "string"
        },
        {
            "name": "name",
            "type": "string"
        },
        {
            "name": "room_id",
            "type": "string"
        },
        {
            "name": "sale_price",
            "type": "string"
        },
        {
            "name": "url",
            "type": "string"
        }
    ]
}
