{
    "apis": [
        {
            "method": "GET",
            "endpoint": "insights",
            "return": "InstantArticleInsightsQueryResult",
            "params": [
                {
                    "name": "breakdown",
                    "required": false,
                    "type": "instantarticleinsights_breakdown_enum_param"
                },
                {
                    "name": "metric",
                    "required": true,
                    "type": "list<Object>"
                },
                {
                    "name": "period",
                    "required": true,
                    "type": "instantarticleinsights_period_enum_param"
                },
                {
                    "name": "since",
                    "required": false,
                    "type": "datetime"
                },
                {
                    "name": "until",
                    "required": false,
                    "type": "datetime"
                }
            ]
        },
        {
            "name": "#delete",
            "method": "DELETE",
            "return": "Object",
            "params": []
        },
        {
            "name": "#get",
            "method": "GET",
            "return": "InstantArticle",
            "params": []
        }
    ],
    "fields": [
        {
            "name": "canonical_url",
            "type": "string"
        },
        {
            "name": "development_mode",
            "type": "bool"
        },
        {
            "name": "html_source",
            "type": "string"
        },
        {
            "name": "id",
            "type": "string"
        },
        {
            "name": "most_recent_import_status",
            "type": "Object"
        },
        {
            "name": "photos",
            "type": "list<Object>"
        },
        {
            "name": "publish_status",
            "type": "string"
        },
        {
            "name": "published",
            "type": "bool"
        },
        {
            "name": "videos",
            "type": "list<Object>"
        }
    ]
}
