{
    "apis": [
        {
            "method": "DELETE",
            "endpoint": "agencies",
            "return": "Object",
            "params": [
                {
                    "name": "business",
                    "required": true,
                    "type": "string"
                }
            ]
        },
        {
            "method": "GET",
            "endpoint": "agencies",
            "return": "Business",
            "params": []
        },
        {
            "method": "DELETE",
            "endpoint": "authorized_adaccounts",
            "return": "Object",
            "params": [
                {
                    "name": "account_id",
                    "required": true,
                    "type": "string"
                },
                {
                    "name": "business",
                    "required": true,
                    "type": "string"
                }
            ]
        },
        {
            "method": "GET",
            "endpoint": "authorized_adaccounts",
            "return": "AdAccount",
            "params": [
                {
                    "name": "business",
                    "required": true,
                    "type": "string"
                }
            ]
        },
        {
            "method": "POST",
            "endpoint": "authorized_adaccounts",
            "return": "InstagramUser",
            "params": [
                {
                    "name": "account_id",
                    "required": true,
                    "type": "string"
                },
                {
                    "name": "business",
                    "required": true,
                    "type": "string"
                }
            ]
        },
        {
            "name": "#get",
            "method": "GET",
            "return": "InstagramUser",
            "params": []
        }
    ],
    "fields": [
        {
            "name": "follow_count",
            "type": "int"
        },
        {
            "name": "followed_by_count",
            "type": "int"
        },
        {
            "name": "has_profile_picture",
            "type": "bool"
        },
        {
            "name": "id",
            "type": "string"
        },
        {
            "name": "is_private",
            "type": "bool"
        },
        {
            "name": "is_published",
            "type": "bool"
        },
        {
            "name": "media_count",
            "type": "int"
        },
        {
            "name": "profile_pic",
            "type": "string"
        },
        {
            "name": "username",
            "type": "string"
        }
    ]
}
