{
    "apis": [],
    "fields": [
        {
            "name": "ad_account_id",
            "type": "string"
        },
        {
            "name": "billed_amount_details",
            "type": "BilledAmountDetails"
        },
        {
            "name": "campaign_id",
            "type": "string"
        },
        {
            "name": "campaign_name",
            "type": "string"
        },
        {
            "name": "clicks",
            "type": "unsigned int"
        },
        {
            "name": "conversions",
            "type": "unsigned int"
        },
        {
            "name": "impressions",
            "type": "unsigned int"
        },
        {
            "name": "tags",
            "type": "list<string>"
        }
    ]
}
