{
    "apis": [
        {
            "method": "GET",
            "endpoint": "comments",
            "return": "Comment",
            "params": [
                {
                    "name": "filter",
                    "required": false,
                    "type": "lifeeventcomments_filter_enum_param"
                },
                {
                    "name": "live_filter",
                    "required": false,
                    "type": "lifeeventcomments_live_filter_enum_param"
                },
                {
                    "name": "order",
                    "required": false,
                    "type": "lifeeventcomments_order_enum_param"
                },
                {
                    "name": "since",
                    "required": false,
                    "type": "datetime"
                }
            ]
        },
        {
            "method": "GET",
            "endpoint": "likes",
            "return": "Profile",
            "params": []
        },
        {
            "method": "GET",
            "endpoint": "photos",
            "return": "Photo",
            "params": []
        },
        {
            "method": "GET",
            "endpoint": "sharedposts",
            "return": "Post",
            "params": []
        },
        {
            "name": "#get",
            "method": "GET",
            "return": "LifeEvent",
            "params": []
        }
    ],
    "fields": [
        {
            "name": "created_time",
            "type": "datetime"
        },
        {
            "name": "description",
            "type": "string"
        },
        {
            "name": "end_time",
            "type": "datetime"
        },
        {
            "name": "from",
            "type": "Page"
        },
        {
            "name": "id",
            "type": "string"
        },
        {
            "name": "is_hidden",
            "type": "bool"
        },
        {
            "name": "start_time",
            "type": "datetime"
        },
        {
            "name": "title",
            "type": "string"
        },
        {
            "name": "updated_time",
            "type": "datetime"
        }
    ]
}
