{
    "apis": [
        {
            "method": "GET",
            "endpoint": "comments",
            "return": "Comment",
            "params": [
                {
                    "name": "filter",
                    "required": false,
                    "type": "linkcomments_filter_enum_param"
                },
                {
                    "name": "live_filter",
                    "required": false,
                    "type": "linkcomments_live_filter_enum_param"
                },
                {
                    "name": "order",
                    "required": false,
                    "type": "linkcomments_order_enum_param"
                },
                {
                    "name": "since",
                    "required": false,
                    "type": "datetime"
                }
            ]
        },
        {
            "method": "POST",
            "endpoint": "comments",
            "return": "Comment",
            "params": [
                {
                    "name": "attachment_id",
                    "required": false,
                    "type": "string"
                },
                {
                    "name": "attachment_share_url",
                    "required": false,
                    "type": "string"
                },
                {
                    "name": "attachment_url",
                    "required": false,
                    "type": "string"
                },
                {
                    "name": "comment_privacy_value",
                    "required": false,
                    "type": "linkcomments_comment_privacy_value_enum_param"
                },
                {
                    "name": "facepile_mentioned_ids",
                    "required": false,
                    "type": "list<string>"
                },
                {
                    "name": "feedback_source",
                    "required": false,
                    "type": "string"
                },
                {
                    "name": "is_offline",
                    "required": false,
                    "type": "bool"
                },
                {
                    "name": "message",
                    "required": false,
                    "type": "string"
                },
                {
                    "name": "nectar_module",
                    "required": false,
                    "type": "string"
                },
                {
                    "name": "object_id",
                    "required": false,
                    "type": "string"
                },
                {
                    "name": "parent_comment_id",
                    "required": false,
                    "type": "Object"
                },
                {
                    "name": "text",
                    "required": false,
                    "type": "string"
                },
                {
                    "name": "tracking",
                    "required": false,
                    "type": "string"
                }
            ]
        },
        {
            "method": "GET",
            "endpoint": "likes",
            "return": "Profile",
            "params": []
        },
        {
            "method": "GET",
            "endpoint": "reactions",
            "return": "Profile",
            "params": [
                {
                    "name": "type",
                    "required": false,
                    "type": "linkreactions_type_enum_param"
                }
            ]
        },
        {
            "method": "GET",
            "endpoint": "sharedposts",
            "return": "Post",
            "params": []
        },
        {
            "name": "#get",
            "method": "GET",
            "return": "Link",
            "params": []
        }
    ],
    "fields": [
        {
            "name": "caption",
            "type": "string"
        },
        {
            "name": "created_time",
            "type": "datetime"
        },
        {
            "name": "description",
            "type": "string"
        },
        {
            "name": "from",
            "type": "Object"
        },
        {
            "name": "icon",
            "type": "string"
        },
        {
            "name": "id",
            "type": "string"
        },
        {
            "name": "link",
            "type": "string"
        },
        {
            "name": "message",
            "type": "string"
        },
        {
            "name": "multi_share_optimized",
            "type": "bool"
        },
        {
            "name": "name",
            "type": "string"
        },
        {
            "name": "privacy",
            "type": "Privacy"
        },
        {
            "name": "via",
            "type": "Object"
        }
    ]
}
