{
    "apis": [
        {
            "method": "POST",
            "endpoint": "telemetry",
            "return": "LiveEncoder",
            "params": [
                {
                    "name": "bitrate",
                    "required": false,
                    "type": "unsigned int"
                },
                {
                    "name": "broadcast_id",
                    "required": false,
                    "type": "string"
                },
                {
                    "name": "cpu_load_15m",
                    "required": false,
                    "type": "float"
                },
                {
                    "name": "cpu_load_1m",
                    "required": false,
                    "type": "float"
                },
                {
                    "name": "cpu_load_5m",
                    "required": false,
                    "type": "float"
                },
                {
                    "name": "cpu_temperature",
                    "required": false,
                    "type": "unsigned int"
                },
                {
                    "name": "cpu_usage",
                    "required": false,
                    "type": "float"
                },
                {
                    "name": "framerate",
                    "required": false,
                    "type": "float"
                },
                {
                    "name": "frames_dropped",
                    "required": false,
                    "type": "float"
                },
                {
                    "name": "gpu_temperature",
                    "required": false,
                    "type": "unsigned int"
                },
                {
                    "name": "gpu_usage",
                    "required": false,
                    "type": "float"
                },
                {
                    "name": "last_audio_timecode",
                    "required": false,
                    "type": "unsigned int"
                },
                {
                    "name": "last_video_keyframe_timecode",
                    "required": false,
                    "type": "unsigned int"
                },
                {
                    "name": "last_video_timecode",
                    "required": false,
                    "type": "unsigned int"
                },
                {
                    "name": "memory_usage",
                    "required": false,
                    "type": "float"
                },
                {
                    "name": "network_latency",
                    "required": false,
                    "type": "float"
                },
                {
                    "name": "network_rx_bandwidth",
                    "required": false,
                    "type": "unsigned int"
                },
                {
                    "name": "network_rx_packets_dropped",
                    "required": false,
                    "type": "float"
                },
                {
                    "name": "network_rx_packets_errors",
                    "required": false,
                    "type": "float"
                },
                {
                    "name": "network_tx_bandwidth",
                    "required": false,
                    "type": "unsigned int"
                },
                {
                    "name": "network_tx_packets_dropped",
                    "required": false,
                    "type": "float"
                },
                {
                    "name": "network_tx_packets_errors",
                    "required": false,
                    "type": "float"
                },
                {
                    "name": "process_uptime",
                    "required": false,
                    "type": "unsigned int"
                },
                {
                    "name": "status",
                    "required": true,
                    "type": "liveencodertelemetry_status_enum_param"
                },
                {
                    "name": "timestamp",
                    "required": false,
                    "type": "unsigned int"
                },
                {
                    "name": "total_audio_frames_sent",
                    "required": false,
                    "type": "unsigned int"
                },
                {
                    "name": "total_video_frames_sent",
                    "required": false,
                    "type": "unsigned int"
                },
                {
                    "name": "total_video_keyframes_sent",
                    "required": false,
                    "type": "unsigned int"
                },
                {
                    "name": "uptime",
                    "required": false,
                    "type": "unsigned int"
                }
            ]
        },
        {
            "name": "#delete",
            "method": "DELETE",
            "return": "Object",
            "params": []
        },
        {
            "name": "#get",
            "method": "GET",
            "return": "LiveEncoder",
            "params": []
        },
        {
            "name": "#update",
            "method": "POST",
            "return": "LiveEncoder",
            "params": [
                {
                    "name": "broadcast_id",
                    "required": false,
                    "type": "string"
                },
                {
                    "name": "cap_audio_codecs",
                    "required": false,
                    "type": "list<liveencoder_cap_audio_codecs>"
                },
                {
                    "name": "cap_streaming_protocols",
                    "required": false,
                    "type": "list<liveencoder_cap_streaming_protocols>"
                },
                {
                    "name": "cap_video_codecs",
                    "required": false,
                    "type": "list<liveencoder_cap_video_codecs>"
                },
                {
                    "name": "error_code",
                    "required": false,
                    "type": "unsigned int"
                },
                {
                    "name": "error_msg",
                    "required": false,
                    "type": "string"
                },
                {
                    "name": "input_audio_channels",
                    "required": false,
                    "type": "unsigned int"
                },
                {
                    "name": "input_audio_samplerate",
                    "required": false,
                    "type": "unsigned int"
                },
                {
                    "name": "input_video_framerate",
                    "required": false,
                    "type": "string"
                },
                {
                    "name": "input_video_gop_num_b_frames",
                    "required": false,
                    "type": "unsigned int"
                },
                {
                    "name": "input_video_gop_size",
                    "required": false,
                    "type": "unsigned int"
                },
                {
                    "name": "input_video_height",
                    "required": false,
                    "type": "unsigned int"
                },
                {
                    "name": "input_video_interlace_mode",
                    "required": false,
                    "type": "string"
                },
                {
                    "name": "input_video_width",
                    "required": false,
                    "type": "unsigned int"
                },
                {
                    "name": "name",
                    "required": false,
                    "type": "string"
                },
                {
                    "name": "status",
                    "required": true,
                    "type": "liveencoder_status"
                },
                {
                    "name": "version",
                    "required": false,
                    "type": "string"
                }
            ]
        }
    ],
    "fields": [
        {
            "name": "brand",
            "type": "string"
        },
        {
            "name": "creation_time",
            "type": "datetime"
        },
        {
            "name": "current_broadcast",
            "type": "LiveVideo"
        },
        {
            "name": "current_input_stream",
            "type": "LiveVideoInputStream"
        },
        {
            "name": "device_id",
            "type": "string"
        },
        {
            "name": "id",
            "type": "string"
        },
        {
            "name": "last_heartbeat_time",
            "type": "datetime"
        },
        {
            "name": "model",
            "type": "string"
        },
        {
            "name": "name",
            "type": "string"
        },
        {
            "name": "status",
            "type": "string"
        },
        {
            "name": "version",
            "type": "string"
        }
    ]
}
