{
    "apis": [
        {
            "name": "#get",
            "method": "GET",
            "return": "MessengerPlatformReferral",
            "params": []
        }
    ],
    "fields": [
        {
            "name": "ad_id",
            "type": "string"
        },
        {
            "name": "id",
            "type": "string"
        },
        {
            "name": "ref",
            "type": "string"
        },
        {
            "name": "source",
            "type": "string"
        },
        {
            "name": "type",
            "type": "string"
        }
    ]
}
