{
    "apis": [
        {
            "method": "POST",
            "endpoint": "codes",
            "return": "NativeOffer",
            "params": [
                {
                    "name": "file",
                    "required": false,
                    "type": "file"
                },
                {
                    "name": "unique_codes_file_code_type",
                    "required": false,
                    "type": "nativeoffercodes_unique_codes_file_code_type_enum_param"
                }
            ]
        },
        {
            "method": "POST",
            "endpoint": "nativeofferviews",
            "return": "NativeOffer",
            "params": [
                {
                    "name": "ad_account",
                    "required": false,
                    "type": "string"
                },
                {
                    "name": "ad_image_hashes",
                    "required": false,
                    "type": "list<string>"
                },
                {
                    "name": "carousel_captions",
                    "required": false,
                    "type": "list<string>"
                },
                {
                    "name": "carousel_data",
                    "required": false,
                    "type": "list<Object>"
                },
                {
                    "name": "carousel_links",
                    "required": false,
                    "type": "list<string>"
                },
                {
                    "name": "deeplinks",
                    "required": false,
                    "type": "list<string>"
                },
                {
                    "name": "image_crops",
                    "required": false,
                    "type": "list<map>"
                },
                {
                    "name": "message",
                    "required": false,
                    "type": "string"
                },
                {
                    "name": "photos",
                    "required": false,
                    "type": "list<string>"
                },
                {
                    "name": "place_data",
                    "required": false,
                    "type": "Object"
                },
                {
                    "name": "published",
                    "required": false,
                    "type": "bool"
                },
                {
                    "name": "published_ads",
                    "required": false,
                    "type": "bool"
                },
                {
                    "name": "urls",
                    "required": false,
                    "type": "list<string>"
                },
                {
                    "name": "videos",
                    "required": false,
                    "type": "list<string>"
                }
            ]
        },
        {
            "method": "GET",
            "endpoint": "views",
            "return": "NativeOfferView",
            "params": []
        },
        {
            "name": "#get",
            "method": "GET",
            "return": "NativeOffer",
            "params": []
        }
    ],
    "fields": [
        {
            "name": "barcode_photo",
            "type": "string"
        },
        {
            "name": "barcode_photo_uri",
            "type": "string"
        },
        {
            "name": "barcode_type",
            "type": "string"
        },
        {
            "name": "barcode_value",
            "type": "string"
        },
        {
            "name": "block_reshares",
            "type": "bool"
        },
        {
            "name": "details",
            "type": "string"
        },
        {
            "name": "disable_location",
            "type": "bool"
        },
        {
            "name": "discounts",
            "type": "list<NativeOfferDiscount>"
        },
        {
            "name": "expiration_time",
            "type": "datetime"
        },
        {
            "name": "id",
            "type": "string"
        },
        {
            "name": "instore_code",
            "type": "string"
        },
        {
            "name": "location_type",
            "type": "string"
        },
        {
            "name": "max_save_count",
            "type": "int"
        },
        {
            "name": "online_code",
            "type": "string"
        },
        {
            "name": "page",
            "type": "Page"
        },
        {
            "name": "page_set_id",
            "type": "string"
        },
        {
            "name": "redemption_code",
            "type": "string"
        },
        {
            "name": "redemption_link",
            "type": "string"
        },
        {
            "name": "save_count",
            "type": "int"
        },
        {
            "name": "terms",
            "type": "string"
        },
        {
            "name": "title",
            "type": "string"
        },
        {
            "name": "total_unique_codes",
            "type": "string"
        },
        {
            "name": "unique_codes",
            "type": "string"
        },
        {
            "name": "unique_codes_file_code_type",
            "type": "string"
        },
        {
            "name": "unique_codes_file_name",
            "type": "string"
        },
        {
            "name": "unique_codes_file_upload_status",
            "type": "string"
        }
    ]
}
