{
    "apis": [
        {
            "method": "GET",
            "endpoint": "comments",
            "return": "Comment",
            "params": [
                {
                    "name": "filter",
                    "required": false,
                    "type": "opengraphobjectcomments_filter_enum_param"
                },
                {
                    "name": "live_filter",
                    "required": false,
                    "type": "opengraphobjectcomments_live_filter_enum_param"
                },
                {
                    "name": "order",
                    "required": false,
                    "type": "opengraphobjectcomments_order_enum_param"
                },
                {
                    "name": "since",
                    "required": false,
                    "type": "datetime"
                }
            ]
        },
        {
            "method": "GET",
            "endpoint": "likes",
            "return": "Profile",
            "params": []
        },
        {
            "method": "GET",
            "endpoint": "picture",
            "return": "ProfilePictureSource",
            "params": [
                {
                    "name": "redirect",
                    "required": false,
                    "type": "bool"
                },
                {
                    "name": "type",
                    "required": false,
                    "type": "opengraphobjectpicture_type_enum_param"
                }
            ]
        },
        {
            "method": "GET",
            "endpoint": "reactions",
            "return": "Profile",
            "params": [
                {
                    "name": "type",
                    "required": false,
                    "type": "opengraphobjectreactions_type_enum_param"
                }
            ]
        },
        {
            "name": "#get",
            "method": "GET",
            "return": "OpenGraphObject",
            "params": []
        }
    ],
    "fields": [
        {
            "name": "admins",
            "type": "list<Object>"
        },
        {
            "name": "application",
            "type": "Object"
        },
        {
            "name": "audio",
            "type": "list<Object>"
        },
        {
            "name": "created_time",
            "type": "datetime"
        },
        {
            "name": "description",
            "type": "string"
        },
        {
            "name": "determiner",
            "type": "string"
        },
        {
            "name": "engagement",
            "type": "Engagement"
        },
        {
            "name": "id",
            "type": "string"
        },
        {
            "name": "image",
            "type": "list<Object>"
        },
        {
            "name": "is_scraped",
            "type": "bool"
        },
        {
            "name": "locale",
            "type": "Object"
        },
        {
            "name": "location",
            "type": "Location"
        },
        {
            "name": "post_action_id",
            "type": "string"
        },
        {
            "name": "profile_id",
            "type": "Object"
        },
        {
            "name": "restrictions",
            "type": "Object"
        },
        {
            "name": "see_also",
            "type": "list<string>"
        },
        {
            "name": "site_name",
            "type": "string"
        },
        {
            "name": "title",
            "type": "string"
        },
        {
            "name": "type",
            "type": "string"
        },
        {
            "name": "updated_time",
            "type": "datetime"
        },
        {
            "name": "video",
            "type": "list<Object>"
        }
    ]
}
