{
    "apis": [
        {
            "name": "#get",
            "method": "GET",
            "return": "PageChangeProposal",
            "params": []
        },
        {
            "name": "#update",
            "method": "POST",
            "return": "PageChangeProposal",
            "params": [
                {
                    "name": "accept",
                    "required": true,
                    "type": "bool"
                }
            ]
        }
    ],
    "fields": [
        {
            "name": "acceptance_status",
            "type": "string"
        },
        {
            "name": "category",
            "type": "string"
        },
        {
            "name": "current_value",
            "type": "string"
        },
        {
            "name": "id",
            "type": "string"
        },
        {
            "name": "proposed_value",
            "type": "string"
        },
        {
            "name": "upcoming_change_info",
            "type": "PageUpcomingChange"
        }
    ]
}
