{
    "apis": [
        {
            "name": "#get",
            "method": "GET",
            "return": "PageUpcomingChange",
            "params": []
        },
        {
            "name": "#update",
            "method": "POST",
            "return": "PageUpcomingChange",
            "params": [
                {
                    "name": "accept",
                    "required": true,
                    "type": "bool"
                }
            ]
        }
    ],
    "fields": [
        {
            "name": "change_type",
            "type": "string"
        },
        {
            "name": "effective_time",
            "type": "datetime"
        },
        {
            "name": "id",
            "type": "string"
        },
        {
            "name": "page",
            "type": "Page"
        },
        {
            "name": "timer_status",
            "type": "string"
        }
    ]
}
