{
    "apis": [
        {
            "method": "GET",
            "endpoint": "insights",
            "return": "InsightsResult",
            "params": [
                {
                    "name": "metric",
                    "required": true,
                    "type": "list<pagebroadcastinsights_metric_enum_param>"
                }
            ]
        },
        {
            "name": "#get",
            "method": "GET",
            "return": "PageBroadcast",
            "params": []
        },
        {
            "name": "#update",
            "method": "POST",
            "return": "PageBroadcast",
            "params": [
                {
                    "name": "operation",
                    "required": false,
                    "type": "pagebroadcast_operation"
                }
            ]
        }
    ],
    "fields": [
        {
            "name": "id",
            "type": "string"
        },
        {
            "name": "scheduled_time",
            "type": "string"
        },
        {
            "name": "status",
            "type": "string"
        }
    ]
}
