{
    "apis": [
        {
            "name": "#get",
            "method": "GET",
            "return": "PageSavedFilter",
            "params": []
        }
    ],
    "fields": [
        {
            "name": "display_name",
            "type": "string"
        },
        {
            "name": "filters",
            "type": "list<Object>"
        },
        {
            "name": "id",
            "type": "string"
        },
        {
            "name": "page_id",
            "type": "string"
        },
        {
            "name": "section",
            "type": "string"
        },
        {
            "name": "time_created",
            "type": "int"
        },
        {
            "name": "time_updated",
            "type": "int"
        }
    ]
}
