{
    "apis": [
        {
            "name": "#get",
            "method": "GET",
            "return": "PageLabel",
            "params": []
        }
    ],
    "fields": [
        {
            "name": "creation_time",
            "type": "datetime"
        },
        {
            "name": "creator_id",
            "type": "Profile"
        },
        {
            "name": "from",
            "type": "Page"
        },
        {
            "name": "id",
            "type": "string"
        },
        {
            "name": "name",
            "type": "string"
        }
    ]
}
