{
    "apis": [
        {
            "name": "#delete",
            "method": "DELETE",
            "return": "Object",
            "params": []
        },
        {
            "name": "#get",
            "method": "GET",
            "return": "PageAboutStory",
            "params": []
        },
        {
            "name": "#update",
            "method": "POST",
            "return": "PageAboutStory",
            "params": [
                {
                    "name": "composed_text",
                    "required": false,
                    "type": "list<map>"
                },
                {
                    "name": "cover_photo",
                    "required": false,
                    "type": "map"
                },
                {
                    "name": "entity_map",
                    "required": false,
                    "type": "list<map>"
                },
                {
                    "name": "is_published",
                    "required": false,
                    "type": "bool"
                },
                {
                    "name": "title",
                    "required": false,
                    "type": "string"
                }
            ]
        }
    ],
    "fields": [
        {
            "name": "composed_text",
            "type": "list<Object>"
        },
        {
            "name": "cover_photo",
            "type": "Photo"
        },
        {
            "name": "entity_map",
            "type": "list<Object>"
        },
        {
            "name": "id",
            "type": "string"
        },
        {
            "name": "is_published",
            "type": "bool"
        },
        {
            "name": "page_id",
            "type": "string"
        },
        {
            "name": "title",
            "type": "string"
        }
    ]
}
