{
    "apis": [
        {
            "name": "#delete",
            "method": "DELETE",
            "return": "Object",
            "params": []
        },
        {
            "name": "#get",
            "method": "GET",
            "return": "Persona",
            "params": []
        }
    ],
    "fields": [
        {
            "name": "id",
            "type": "string"
        },
        {
            "name": "name",
            "type": "string"
        },
        {
            "name": "profile_picture_url",
            "type": "string"
        }
    ]
}
