{
    "apis": [
        {
            "method": "GET",
            "endpoint": "automotive_models",
            "return": "AutomotiveModel",
            "params": [
                {
                    "name": "bulk_pagination",
                    "required": false,
                    "type": "bool"
                },
                {
                    "name": "filter",
                    "required": false,
                    "type": "Object"
                }
            ]
        },
        {
            "method": "GET",
            "endpoint": "destinations",
            "return": "Destination",
            "params": [
                {
                    "name": "bulk_pagination",
                    "required": false,
                    "type": "bool"
                },
                {
                    "name": "filter",
                    "required": false,
                    "type": "Object"
                }
            ]
        },
        {
            "method": "GET",
            "endpoint": "flights",
            "return": "Flight",
            "params": [
                {
                    "name": "bulk_pagination",
                    "required": false,
                    "type": "bool"
                },
                {
                    "name": "filter",
                    "required": false,
                    "type": "Object"
                }
            ]
        },
        {
            "method": "GET",
            "endpoint": "home_listings",
            "return": "HomeListing",
            "params": [
                {
                    "name": "bulk_pagination",
                    "required": false,
                    "type": "bool"
                },
                {
                    "name": "filter",
                    "required": false,
                    "type": "Object"
                }
            ]
        },
        {
            "method": "GET",
            "endpoint": "hotels",
            "return": "Hotel",
            "params": [
                {
                    "name": "bulk_pagination",
                    "required": false,
                    "type": "bool"
                },
                {
                    "name": "filter",
                    "required": false,
                    "type": "Object"
                }
            ]
        },
        {
            "method": "GET",
            "endpoint": "products",
            "return": "ProductItem",
            "params": [
                {
                    "name": "bulk_pagination",
                    "required": false,
                    "type": "bool"
                },
                {
                    "name": "filter",
                    "required": false,
                    "type": "Object"
                }
            ]
        },
        {
            "method": "GET",
            "endpoint": "vehicles",
            "return": "Vehicle",
            "params": [
                {
                    "name": "bulk_pagination",
                    "required": false,
                    "type": "bool"
                },
                {
                    "name": "filter",
                    "required": false,
                    "type": "Object"
                }
            ]
        },
        {
            "name": "#delete",
            "method": "DELETE",
            "return": "Object",
            "params": []
        },
        {
            "name": "#get",
            "method": "GET",
            "return": "ProductSet",
            "params": []
        },
        {
            "name": "#update",
            "method": "POST",
            "return": "ProductSet",
            "params": [
                {
                    "name": "filter",
                    "required": false,
                    "type": "Object"
                },
                {
                    "name": "name",
                    "required": false,
                    "type": "string"
                }
            ]
        }
    ],
    "fields": [
        {
            "name": "auto_creation_url",
            "type": "string"
        },
        {
            "name": "filter",
            "type": "string"
        },
        {
            "name": "id",
            "type": "string"
        },
        {
            "name": "name",
            "type": "string"
        },
        {
            "name": "product_catalog",
            "type": "ProductCatalog"
        },
        {
            "name": "product_count",
            "type": "unsigned int"
        }
    ]
}
