{
    "apis": [],
    "fields": [
        {
            "name": "criteria_value",
            "type": "string"
        },
        {
            "name": "description",
            "type": "string"
        },
        {
            "name": "destination_uri",
            "type": "string"
        },
        {
            "name": "image_url",
            "type": "string"
        },
        {
            "name": "name",
            "type": "string"
        },
        {
            "name": "num_items",
            "type": "int"
        },
        {
            "name": "tokens",
            "type": "map<string, string>"
        }
    ]
}
