{
    "apis": [
        {
            "name": "#delete",
            "method": "DELETE",
            "return": "Object",
            "params": []
        },
        {
            "name": "#get",
            "method": "GET",
            "return": "Referral",
            "params": []
        },
        {
            "name": "#update",
            "method": "POST",
            "return": "Referral",
            "params": [
                {
                    "name": "invite_limit",
                    "required": false,
                    "type": "unsigned int"
                },
                {
                    "name": "messenger_cta",
                    "required": false,
                    "type": "string"
                },
                {
                    "name": "messenger_promotion_text",
                    "required": false,
                    "type": "string"
                },
                {
                    "name": "namespace",
                    "required": false,
                    "type": "unsigned int"
                },
                {
                    "name": "need_promo_code",
                    "required": false,
                    "type": "bool"
                },
                {
                    "name": "offer_origin",
                    "required": false,
                    "type": "string"
                },
                {
                    "name": "promotion_text",
                    "required": false,
                    "type": "string"
                },
                {
                    "name": "receiver_benefits_text",
                    "required": false,
                    "type": "string"
                },
                {
                    "name": "referral_link_uri",
                    "required": false,
                    "type": "string"
                },
                {
                    "name": "sender_benefits_text",
                    "required": false,
                    "type": "string"
                }
            ]
        }
    ],
    "fields": [
        {
            "name": "id",
            "type": "string"
        },
        {
            "name": "invite_limit",
            "type": "int"
        },
        {
            "name": "messenger_cta",
            "type": "string"
        },
        {
            "name": "messenger_promotion_text",
            "type": "string"
        },
        {
            "name": "namespace",
            "type": "string"
        },
        {
            "name": "need_promo_code",
            "type": "bool"
        },
        {
            "name": "offer_origin",
            "type": "string"
        },
        {
            "name": "promotion_text",
            "type": "string"
        },
        {
            "name": "receiver_benefits_text",
            "type": "string"
        },
        {
            "name": "referral_link_uri",
            "type": "string"
        },
        {
            "name": "sender_benefits_text",
            "type": "string"
        }
    ]
}
