{
    "apis": [
        {
            "name": "#get",
            "method": "GET",
            "return": "SavedMessageResponse",
            "params": []
        }
    ],
    "fields": [
        {
            "name": "category",
            "type": "string"
        },
        {
            "name": "id",
            "type": "string"
        },
        {
            "name": "image",
            "type": "string"
        },
        {
            "name": "is_enabled",
            "type": "bool"
        },
        {
            "name": "message",
            "type": "string"
        },
        {
            "name": "title",
            "type": "string"
        }
    ]
}
