{
    "apis": [
        {
            "name": "#get",
            "method": "GET",
            "return": "StoreCatalogSettings",
            "params": []
        },
        {
            "name": "#update",
            "method": "POST",
            "return": "StoreCatalogSettings",
            "params": [
                {
                    "name": "page",
                    "required": false,
                    "type": "int"
                }
            ]
        }
    ],
    "fields": [
        {
            "name": "id",
            "type": "string"
        },
        {
            "name": "page",
            "type": "Page"
        }
    ]
}
