{
    "apis": [
        {
            "name": "#get",
            "method": "GET",
            "return": "ThirdPartyMeasurementReportDataset",
            "params": []
        },
        {
            "name": "#update",
            "method": "POST",
            "return": "ThirdPartyMeasurementReportDataset",
            "params": [
                {
                    "name": "data",
                    "required": true,
                    "type": "list<map>"
                }
            ]
        }
    ],
    "fields": [
        {
            "name": "category",
            "type": "string"
        },
        {
            "name": "id",
            "type": "string"
        },
        {
            "name": "partner",
            "type": "Business"
        },
        {
            "name": "product",
            "type": "string"
        },
        {
            "name": "schema",
            "type": "list<Object>"
        }
    ]
}
