{
    "apis": [
        {
            "method": "GET",
            "endpoint": "picture",
            "return": "ProfilePictureSource",
            "params": [
                {
                    "name": "height",
                    "required": false,
                    "type": "int"
                },
                {
                    "name": "redirect",
                    "required": false,
                    "type": "bool"
                },
                {
                    "name": "type",
                    "required": false,
                    "type": "usertaggablefriendpicture_type_enum_param"
                },
                {
                    "name": "width",
                    "required": false,
                    "type": "int"
                }
            ]
        }
    ],
    "fields": [
        {
            "name": "first_name",
            "type": "string"
        },
        {
            "name": "id",
            "type": "string"
        },
        {
            "name": "last_name",
            "type": "string"
        },
        {
            "name": "middle_name",
            "type": "string"
        },
        {
            "name": "name",
            "type": "string"
        }
    ]
}
