{
  "version-1.9.x-docs": {
    "Getting Started": [
      "version-1.9.x-installation",
      "version-1.9.x-site-preparation",
      "version-1.9.x-site-creation",
      "version-1.9.x-publishing",
      "version-1.9.x-docker"
    ],
    "Guides": [
      "version-1.9.x-adding-blog",
      "version-1.9.x-custom-pages",
      "version-1.9.x-search",
      "version-1.9.x-navigation",
      "version-1.9.x-translation",
      "version-1.9.x-versioning"
    ],
    "API": [
      "version-1.9.x-commands",
      "version-1.9.x-doc-markdown",
      "version-1.9.x-api-pages",
      "version-1.9.x-site-config"
    ]
  },
  "version-1.9.x-tutorial": {
    "Tutorial": [
      "version-1.9.x-tutorial-setup",
      "version-1.9.x-tutorial-create-new-site",
      "version-1.9.x-tutorial-create-pages",
      "version-1.9.x-tutorial-publish-site",
      "version-1.9.x-tutorial-version"
    ]
  }
}
